CODIGO_RNT,ESTADO_RNT,RAZON_SOCIAL_ESTABLECIMIENTO
645,ACTIVO,GUAJIRA TOURS. AGENCIA DE VIAJES Y TURISMO
2002,ACTIVO,CENTRO DE CONVENCIONES ANAS MAI
2289,ACTIVO,HOTEL ALMIRANTE PADILLA RIOHACHA
2599,ACTIVO,HOTEL JESSICA
4017,ACTIVO,HOTEL MAJAYURA
4362,ACTIVO,HOTEL LAS DOS PALMAS
4500,ACTIVO,HOTEL GIMAURA
5360,ACTIVO,ROJAS TRAVELS
6931,ACTIVO,HOTEL ARENAS
7641,ACTIVO,HOTEL RIOHACHA INTERNACIONAL
7874,ACTIVO,AVIATUR RIOHACHA
8852,ACTIVO,HOTEL ARIMACA
9258,ACTIVO,AGENCIA OPERADORA DE TURISMO
9347,ACTIVO,SOL-ERA VIAJES Y TURISMO E.A.T.
10066,ACTIVO,RESIDENCIAS AREMASAIN
10134,ACTIVO,HOTEL JEPIRACHI
10139,ACTIVO,HOTEL MI CASSONA
10667,ACTIVO,LUNA TOURS
10736,ACTIVO,KAI ECOTRAVEL OPERADOR COMUNITARIO DE TURISMO
11418,ACTIVO,TOURS RAMIRO VANEGAS OPERADORA
11601,ACTIVO,HOTEL LAS COLONIAS
11804,ACTIVO,HOTEL CONFORT DE LA GUAJIRA
14942,ACTIVO,HOTEL PLAZA ROMA
17575,ACTIVO,HOTEL JIMATTA
17596,ACTIVO,BARBACOA HOTEL
18602,ACTIVO,HOTEL BIBI
20339,ACTIVO,WAYUU TOURS
23079,ACTIVO,AEROVIAS DEL CONTINENTE AMERICANO S.A AVIANCA. OF. AERO
23232,ACTIVO,HOTEL RIOHACHA
23244,ACTIVO,CASA FINCA VILLA ELINA
23283,ACTIVO,CASA BLANCA HOTEL
25881,ACTIVO,JW RIBAI HOTELS
26775,ACTIVO,MACUIRA TOURS S.A.S.
26776,ACTIVO,HOTEL Y ESTADERO TROPICAL
27357,ACTIVO,HOTEL KAYUUSI
27551,ACTIVO,HOTEL SANTA CECILIA RIOHACHA
27761,ACTIVO,HOTEL TAROA
28230,ACTIVO,APARTAHOTEL MARLUS REAL RIOHACHA
28971,ACTIVO,HOTEL MONACO DE RIOHACHA
30660,ACTIVO,JEBLACE TOURS
31233,ACTIVO,HOTEL COLONIAL RIOHACHA
31234,ACTIVO,HOTEL SOL Y LUNA RIOHACHA
33015,ACTIVO,HOTEL GENOS
33109,ACTIVO,HOTEL CASTILLO PLAZA
33301,ACTIVO,HOTEL Y CAFETERIA PRIMAVERA
34411,ACTIVO,HOTEL ANGIE REAL
34545,ACTIVO,ARPUSHANATOUR
35311,ACTIVO,COMERCIALIZADORA INTERNACIONAL EXPOTUR S.A.S.
35606,ACTIVO,HOSTAL LA CASA DE MAMA
35937,ACTIVO,EXPEDICION GUAJIRA
36045,ACTIVO,HOSTAL CASA PATIO BONITA
36633,ACTIVO,HOTEL MORIAH CENTER
36792,ACTIVO,NAUTICAL RECREACIONES S.A.S
37393,ACTIVO,KITEADDICT GUAJIRA
37637,ACTIVO,HOSTAL AMBIENTE FAMILIAR
37664,ACTIVO,TOURS ESPECIALES CABO DE LA VELA
38075,ACTIVO,GUAJIRAVENTURA
38108,ACTIVO,HISTORY TRAVELERS SAS
38494,ACTIVO,ALTA GUAJIRA TOURS S.A.S
38619,ACTIVO,HOTEL PANORAMA REAL INN
41548,ACTIVO,RIO TOURS
41744,ACTIVO,LA CASTELLANA HOTEL Y RESTAURANTE
42286,ACTIVO,BONA VIDA HOSTEL
42468,ACTIVO,CLUB SOCIAL Y DEPORTIVO CASA FINCA LA MARACUYA
42681,ACTIVO,HOTEL ARASHI
43212,ACTIVO,HOTEL DIAMONDS
44745,ACTIVO,ANDARIEGOS
45625,ACTIVO,RESIDENCIA MARY MAR
45944,ACTIVO,HOTEL SUENO REAL RIOHACHA
47591,ACTIVO,EL CASTILLO DEL MAR SUITES
47894,ACTIVO,HOSTAL CASA BONITA
47926,ACTIVO,CLUB VILLA CRISTY
49430,ACTIVO,HOSTAL CARIBE CONFOR
50021,ACTIVO,HOTEL ELYAMARV S.A.S
50075,ACTIVO,HOTEL LIEVANO
50077,ACTIVO,RESIDENCIAS CABALLERO
50116,ACTIVO,CACTUS CITY HOSTEL CONFORT
50118,ACTIVO,MALECON PLAYA LONGUE
50204,ACTIVO,HOTEL BRISAS DEL NARE
50445,ACTIVO,HAMMOCKS HOSTEL
51294,ACTIVO,HOTEL EMERAWAA
52167,ACTIVO,EXPEDICIONES WALEKETT
52619,ACTIVO,BONA VIDA HOSTEL LA QUINTA
53695,ACTIVO,HOTEL OCEANO RIOHACHA
55359,ACTIVO,EXPRESO BRASILIA S.A.
55368,ACTIVO,HOSTAL LIWA - KASHI
55946,ACTIVO,GUAJIRA MAGICA EXCURSIONES RCH
56267,ACTIVO,SASHII HOSTEL BOUTIQUE
56320,ACTIVO,SAYMAN
56321,ACTIVO,GUAJIRO DREAM
56367,ACTIVO,HOTEL PARQUEADERO
56414,ACTIVO,HOSPEDAJE EL CARIBENO
56415,ACTIVO,LA GUAJIRA PARAISO TRAVEL
58368,ACTIVO,AGENCIA OPERADORA DE TURISMO BAHAREQUE TOURS
58369,ACTIVO,APARTAHOTEL LOS PECES
58913,ACTIVO,HOTEL PANORAMA REAL 2
59418,ACTIVO,FINCA CAMPESTRE EL DESCANSO
59933,ACTIVO,VILLA KASHII
59934,ACTIVO,ATARDECER GUAJIRO
60260,ACTIVO,BUSINESS Y TRIP
60654,ACTIVO,HOSTEL LAGUNA SALA BY FSL
62874,ACTIVO,URBANTURS
63161,ACTIVO,HOTEL WALE KERU
63430,ACTIVO,PURAGUAJIRA TRAVEL
64174,ACTIVO,WAYUUCO BACKPACKERS
64190,ACTIVO,GUAJIRA TOURS LIMITADA EVENTOS
64200,ACTIVO,EXPLORA WAYUU
65645,ACTIVO,HOTEL CASA FINCA LA MARACUYA
65710,ACTIVO,HOSTAL YAMAR
65711,ACTIVO,KARIN HOTEL
66477,ACTIVO,VIAJA GUAJIRA
66480,ACTIVO,PLAYA SAMARA HOSTEL
67101,ACTIVO,ATUNKA DREAM TRAVEL
67154,ACTIVO,RANCHERIA SHIPIAWAYUU
67805,ACTIVO,HABITACIONES DONA CRISTI
68812,ACTIVO,HOTEL TAMAITI
68817,ACTIVO,HOTEL NOGALES
68818,ACTIVO,ECOTURES SIERRA MAR GUAJIRA S.A.S.
68822,ACTIVO,MARIA DEL PILAR MENDOZA ACOSTA
69274,ACTIVO,SASHII TOURS
69278,ACTIVO,HOTEL GUAJIIRA AZUL
70832,ACTIVO,CARIBBEAN SCHOOL D.T
71578,ACTIVO,ANDRU HOTEL
71881,ACTIVO,WAYIRA PARADISE
72181,ACTIVO,GUAJIRA BIRDING TOURS
72328,ACTIVO,FINCA LA TRIADA
73055,ACTIVO,HOTEL ATARDECER GUAJIRO
73147,ACTIVO,HOTEL DAMA GUAJIRA
73148,ACTIVO,ROMZU HOTEL
73596,ACTIVO,WALENA HOSTEL
73947,ACTIVO,LA SIERRA RIOHACHA
74028,ACTIVO,ASUURA TOURS
74769,ACTIVO,CASA ZAIDA HOSTAL VINTAGE
74770,ACTIVO,HOTEL CASA GRANDE RIOHACHA
75116,ACTIVO,MAR AZUL PLAYA Y TURISMO
75169,ACTIVO,INVERSIONES TORRES BARLIZA S.A.S
75170,ACTIVO,YURICA  PALMEZANO IBARRA
76070,ACTIVO,HOTEL LA VIEJA SARA RIOHACHA
76651,ACTIVO,MARADENTRO CAFE BAR
77057,ACTIVO,AVENTUROUS S.A.S
77313,ACTIVO,AMISTAD HOSTAL Y RESTAURANTE
77533,ACTIVO,NUEVE UNO HOSTEL
78044,ACTIVO,HOTEL TAMAIWA
78518,ACTIVO,PATROL TOURING
78522,ACTIVO,JUAN PABLO CASTRO MORALES
78524,ACTIVO,JUAN PABLO CASTRO MORALES
78881,ACTIVO,ALOJAMIENTO LA MARINA
79521,ACTIVO,HOTEL SAN BERNARDO SAS
79682,ACTIVO,RANCHERIA TOURS
79848,ACTIVO,LAPU HOTEL RESTAURANTE BAR
79849,ACTIVO,MAR INN HOTEL
80691,ACTIVO,TURISMO POR COLOMBIA
81032,ACTIVO,CASA DE CISNES
81034,ACTIVO,HOSTAL SUMAIWA
81035,ACTIVO,GUAJIRA EXTREMA
81224,ACTIVO,HOSTAL SOLSTICIO GUAJIRO
81228,ACTIVO,LEDIS ELENA ESCOBAR GIRON
81998,ACTIVO,CARIBE TOURS COLOMBIA
82000,ACTIVO,HOSTAL DON JERONIMO
82006,ACTIVO,AKUALINK HOSTEL
82334,ACTIVO,RESTAURANTE DISCO BAR REY DAVID
82335,ACTIVO,HOTEL LOS REMEDIOS TOURS
82720,ACTIVO,HOSTAL MI GUAJIRA
82723,ACTIVO,HOTEL GUAIRA
82961,ACTIVO,HOSTAL AMBIENTE FAMILIAR
84139,ACTIVO,EKIPUJANA TRAVELS TOURS
84211,ACTIVO,UNITRANSCO S.A.
84570,ACTIVO,HOTEL BRISAS DE LA GUAJIRA
84571,ACTIVO,AVIATUR RIOHACHA
84572,ACTIVO,HOTEL EL EJECUTIVO II
85021,ACTIVO,RESTAURANTE SEVICHERIA LA CASA DEL MARISCO
85023,ACTIVO,CANAVERAL RESTAURANTE
85024,ACTIVO,HOSTAL KITE
85027,ACTIVO,TUGUAJIRA.COM
85173,ACTIVO,HOTEL LAS VEGAS
85174,ACTIVO,HOTEL LA MAKUIRA
85175,ACTIVO,HOTEL MIRAFLORES RB
85454,ACTIVO,HOTEL YUMBREL
85456,ACTIVO,ROELIMAR
85462,ACTIVO,DIAMOND TOURS
85463,ACTIVO,MEGATRANS EXPRESS
86433,ACTIVO,GRUPO ALIANZA COLOMBIA WAYIRA
86481,ACTIVO,ELIMELEC TOURS GUAJIRA
87185,ACTIVO,TRANSFOX LTDA
87186,ACTIVO,TRANSPORTES YOSU LTDA
87187,ACTIVO,TRANSPORTE RAPIDO ARIJUNA
87188,ACTIVO,ACES EXPRESS S.A.S.
87189,ACTIVO,SESUMAN LTDA
87190,ACTIVO,HOTEL TUNEBO INN
87193,ACTIVO,NORDESTE HOSTAL
87469,ACTIVO,MANEJO ESCOLAR
87471,ACTIVO,COTRANSYA S.A.S.
88245,ACTIVO,ALIUUKA TOURS AGENCIA DE VIAJES
88257,ACTIVO,SUCHIIMMA TOURS DINA ESTUPINAN
88259,ACTIVO,HOTEL MACAL PLAZA
89710,ACTIVO,CASA LALLEMAND
89711,ACTIVO,CASTILLO DEL MAR
89735,ACTIVO,CANAGUATE HOTEL BOUTIQUE SAS ZOMAC
89736,ACTIVO,HOSTAL CASA GUAJIRA
89881,ACTIVO,PERLAGUANEQUE SAS ZOMAC
90017,ACTIVO,GUAJIIRA AZUL HOTEL SAS
90567,ACTIVO,REX RIOHACHA
90568,ACTIVO,ASAWAA
645,ACTIVO,GUAJIRA TOURS. AGENCIA DE VIAJES Y TURISMO
2002,ACTIVO,CENTRO DE CONVENCIONES ANAS MAI
2289,ACTIVO,HOTEL ALMIRANTE PADILLA RIOHACHA
2599,ACTIVO,HOTEL JESSICA
4017,ACTIVO,HOTEL MAJAYURA
4362,ACTIVO,HOTEL LAS DOS PALMAS
4500,ACTIVO,HOTEL GIMAURA
5360,ACTIVO,ROJAS TRAVELS
6931,ACTIVO,HOTEL ARENAS
7641,ACTIVO,HOTEL RIOHACHA INTERNACIONAL
7874,ACTIVO,AVIATUR RIOHACHA
8852,ACTIVO,HOTEL ARIMACA
9258,ACTIVO,AGENCIA OPERADORA DE TURISMO
9347,ACTIVO,SOL-ERA VIAJES Y TURISMO E.A.T.
10066,ACTIVO,RESIDENCIAS AREMASAIN
10134,ACTIVO,HOTEL JEPIRACHI
10139,ACTIVO,HOTEL MI CASSONA
10667,ACTIVO,LUNA TOURS
10736,ACTIVO,KAI ECOTRAVEL OPERADOR COMUNITARIO DE TURISMO
11418,ACTIVO,TOURS RAMIRO VANEGAS OPERADORA
11601,ACTIVO,HOTEL LAS COLONIAS
11804,ACTIVO,HOTEL CONFORT DE LA GUAJIRA
12620,ACTIVO,CABO DE LA VELA TOUR`S
14942,ACTIVO,HOTEL PLAZA ROMA
17575,ACTIVO,HOTEL JIMATTA
17596,ACTIVO,BARBACOA HOTEL
18602,ACTIVO,HOTEL BIBI
20339,ACTIVO,WAYUU TOURS
23079,ACTIVO,AEROVIAS DEL CONTINENTE AMERICANO S.A AVIANCA. OF. AERO
23232,ACTIVO,HOTEL RIOHACHA
23244,ACTIVO,CASA FINCA VILLA ELINA
23283,ACTIVO,CASA BLANCA HOTEL
25881,ACTIVO,JW RIBAI HOTELS
26775,ACTIVO,MACUIRA TOURS S.A.S.
26776,ACTIVO,HOTEL Y ESTADERO TROPICAL
27357,ACTIVO,HOTEL KAYUUSI
27551,ACTIVO,HOTEL SANTA CECILIA RIOHACHA
27761,ACTIVO,HOTEL TAROA
28230,ACTIVO,APARTAHOTEL MARLUS REAL RIOHACHA
28971,ACTIVO,HOTEL MONACO DE RIOHACHA
30660,ACTIVO,JEBLACE TOURS
31233,ACTIVO,HOTEL COLONIAL RIOHACHA
31234,ACTIVO,HOTEL SOL Y LUNA RIOHACHA
33015,ACTIVO,HOTEL GENOS
33109,ACTIVO,HOTEL CASTILLO PLAZA
33301,ACTIVO,HOTEL Y CAFETERIA PRIMAVERA
34411,ACTIVO,HOTEL ANGIE REAL
34545,ACTIVO,ARPUSHANATOUR
35311,ACTIVO,COMERCIALIZADORA INTERNACIONAL EXPOTUR S.A.S.
35606,ACTIVO,HOSTAL LA CASA DE MAMA
35937,ACTIVO,EXPEDICION GUAJIRA
36045,ACTIVO,HOSTAL CASA PATIO BONITA
36633,ACTIVO,HOTEL MORIAH CENTER
36792,ACTIVO,NAUTICAL RECREACIONES S.A.S
37393,ACTIVO,KITEADDICT GUAJIRA
37637,ACTIVO,HOSTAL AMBIENTE FAMILIAR
37664,ACTIVO,TOURS ESPECIALES CABO DE LA VELA
38075,ACTIVO,GUAJIRAVENTURA
38108,ACTIVO,HISTORY TRAVELERS SAS
38494,ACTIVO,ALTA GUAJIRA TOURS S.A.S
38619,ACTIVO,HOTEL PANORAMA REAL INN
41548,ACTIVO,RIO TOURS
41744,ACTIVO,LA CASTELLANA HOTEL
42286,ACTIVO,BONA VIDA HOSTEL
42468,ACTIVO,CLUB SOCIAL Y DEPORTIVO CASA FINCA LA MARACUYA
42681,ACTIVO,HOTEL ARASHI
43212,ACTIVO,HOTEL DIAMONDS
44745,ACTIVO,ANDARIEGOS
45625,ACTIVO,RESIDENCIA MARY MAR
45944,ACTIVO,HOTEL SUENO REAL RIOHACHA
47591,ACTIVO,EL CASTILLO DEL MAR SUITES
47894,ACTIVO,HOSTAL CASA BONITA
47926,ACTIVO,CLUB VILLA CRISTY
49430,ACTIVO,HOSTAL CARIBE CONFOR
49432,ACTIVO,PORTAL DE PERLAS TOURS
50021,ACTIVO,HOTEL ELYAMARV S.A.S
50075,ACTIVO,HOTEL LIEVANO
50077,ACTIVO,RESIDENCIAS CABALLERO
50116,ACTIVO,CACTUS CITY HOSTEL CONFORT
50118,ACTIVO,MALECON PLAYA LONGUE
50204,ACTIVO,HOTEL BRISAS DEL NARE
50445,ACTIVO,HAMMOCKS HOSTEL
51294,ACTIVO,HOTEL EMERAWAA
52167,ACTIVO,EXPEDICIONES WALEKETT
52619,ACTIVO,BONA VIDA HOSTEL LA QUINTA
53695,ACTIVO,HOTEL OCEANO RIOHACHA
55359,ACTIVO,EXPRESO BRASILIA S.A.
55368,ACTIVO,HOSTAL LIWA - KASHI
55946,ACTIVO,GUAJIRA MAGICA EXCURSIONES RCH
56267,ACTIVO,SASHII HOSTEL BOUTIQUE
56320,ACTIVO,SAYMAN
56321,ACTIVO,GUAJIRO DREAM
56367,ACTIVO,HOTEL PARQUEADERO
56414,ACTIVO,HOSPEDAJE EL CARIBENO
56415,ACTIVO,LA GUAJIRA PARAISO TRAVEL
58368,ACTIVO,AGENCIA OPERADORA DE TURISMO BAHAREQUE TOURS
58369,ACTIVO,APARTAHOTEL LOS PECES
58913,ACTIVO,HOTEL PANORAMA REAL 2
59418,ACTIVO,FINCA CAMPESTRE EL DESCANSO
59933,ACTIVO,VILLA KASHII
59934,ACTIVO,ATARDECER GUAJIRO
60260,ACTIVO,BUSINESS Y TRIP
60654,ACTIVO,HOSTEL LAGUNA SALA BY FSL
62874,ACTIVO,URBANTURS
63161,ACTIVO,HOTEL WALE KERU
63430,ACTIVO,PURAGUAJIRA TRAVEL
64174,ACTIVO,WAYUUCO BACKPACKERS
64190,ACTIVO,GUAJIRA TOURS LIMITADA EVENTOS
64200,ACTIVO,EXPLORA WAYUU
65645,ACTIVO,HOTEL CASA FINCA LA MARACUYA
65710,ACTIVO,HOSTAL YAMAR
65711,ACTIVO,KARIN HOTEL
66477,ACTIVO,VIAJA GUAJIRA
66480,ACTIVO,PLAYA SAMARA HOSTEL
67101,ACTIVO,ATUNKA DREAM TRAVEL
67154,ACTIVO,RANCHERIA SHIPIAWAYUU
67805,ACTIVO,HABITACIONES DONA CRISTI
68812,ACTIVO,HOTEL TAMAITI
68817,ACTIVO,HOTEL NOGALES
68818,ACTIVO,ECOTURES SIERRA MAR GUAJIRA S.A.S.
68822,ACTIVO,MARIA DEL PILAR MENDOZA ACOSTA
69274,ACTIVO,SASHII TOURS
69278,ACTIVO,HOTEL GUAJIIRA AZUL
70832,ACTIVO,CARIBBEAN SCHOOL D.T
71578,ACTIVO,ANDRU HOTEL
71881,ACTIVO,WAYIRA PARADISE
72181,ACTIVO,GUAJIRA BIRDING TOURS
72328,ACTIVO,FINCA LA TRIADA
73055,ACTIVO,HOTEL ATARDECER GUAJIRO
73147,ACTIVO,HOTEL DAMA GUAJIRA
73148,ACTIVO,ROMZU HOTEL
73596,ACTIVO,WALENA HOSTEL
73947,ACTIVO,LA SIERRA RIOHACHA
74028,ACTIVO,ASUURA TOURS
74769,ACTIVO,CASA ZAIDA HOSTAL VINTAGE
75116,ACTIVO,MAR AZUL PLAYA Y TURISMO
75169,ACTIVO,INVERSIONES TORRES BARLIZA S.A.S
75170,ACTIVO,YURICA  PALMEZANO IBARRA
76070,ACTIVO,HOTEL LA VIEJA SARA RIOHACHA
76651,ACTIVO,MARADENTRO CAFE BAR
77057,ACTIVO,AVENTUROUS S.A.S
77313,ACTIVO,AMISTAD HOSTAL Y RESTAURANTE
77533,ACTIVO,NUEVE UNO HOSTEL
78044,ACTIVO,HOTEL TAMAIWA
78518,ACTIVO,PATROL TOURING
78522,ACTIVO,JUAN PABLO CASTRO MORALES
78524,ACTIVO,JUAN PABLO CASTRO MORALES
78881,ACTIVO,ALOJAMIENTO LA MARINA
79521,ACTIVO,HOTEL SAN BERNARDO SAS
79682,ACTIVO,RANCHERIA TOURS
79848,ACTIVO,LAPU HOTEL RESTAURANTE BAR
79849,ACTIVO,MAR INN HOTEL
80691,ACTIVO,TURISMO POR COLOMBIA
81032,ACTIVO,CASA DE CISNES
81034,ACTIVO,HOSTAL SUMAIWA
81035,ACTIVO,GUAJIRA EXTREMA
81224,ACTIVO,HOSTAL SOLSTICIO GUAJIRO
81228,ACTIVO,LEDIS ELENA ESCOBAR GIRON
81998,ACTIVO,CARIBE TOURS COLOMBIA
82000,ACTIVO,HOSTAL DON JERONIMO
82006,ACTIVO,AKUALINK HOSTEL
82334,ACTIVO,RESTAURANTE DISCO BAR REY DAVID
82335,ACTIVO,HOTEL LOS REMEDIOS TOURS
82720,ACTIVO,HOSTAL MI GUAJIRA
82723,ACTIVO,HOTEL GUAIRA
82961,ACTIVO,HOSTAL AMBIENTE FAMILIAR
84139,ACTIVO,EKIPUJANA TRAVELS TOURS
84211,ACTIVO,UNITRANSCO S.A.
84570,ACTIVO,HOTEL BRISAS DE LA GUAJIRA
84571,ACTIVO,AVIATUR RIOHACHA
84572,ACTIVO,HOTEL EL EJECUTIVO II
85021,ACTIVO,RESTAURANTE SEVICHERIA LA CASA DEL MARISCO
85023,ACTIVO,CANAVERAL RESTAURANTE
85024,ACTIVO,HOSTAL KITE
85027,ACTIVO,TUGUAJIRA.COM
85173,ACTIVO,HOTEL LAS VEGAS
85174,ACTIVO,HOTEL LA MAKUIRA
85175,ACTIVO,HOTEL MIRAFLORES RB
85454,ACTIVO,HOTEL YUMBREL
85456,ACTIVO,ROELIMAR
85462,ACTIVO,DIAMOND TOURS
85463,ACTIVO,MEGATRANS EXPRESS
86433,ACTIVO,GRUPO ALIANZA COLOMBIA WAYIRA
86481,ACTIVO,ELIMELEC TOURS GUAJIRA
87185,ACTIVO,TRANSFOX LTDA
87186,ACTIVO,TRANSPORTES YOSU LTDA
87187,ACTIVO,TRANSPORTE RAPIDO ARIJUNA
87188,ACTIVO,ACES EXPRESS S.A.S.
87189,ACTIVO,SESUMAN LTDA
87190,ACTIVO,HOTEL TUNEBO INN
87193,ACTIVO,NORDESTE HOSTAL
87469,ACTIVO,MANEJO ESCOLAR
87471,ACTIVO,COTRANSYA S.A.S.
88245,ACTIVO,ALIUUKA TOURS AGENCIA DE VIAJES
88257,ACTIVO,SUCHIIMMA TOURS DINA ESTUPINAN
88259,ACTIVO,HOTEL MACAL PLAZA
89710,ACTIVO,CASA LALLEMAND
89711,ACTIVO,CASTILLO DEL MAR
89735,ACTIVO,CANAGUATE HOTEL BOUTIQUE SAS ZOMAC
89736,ACTIVO,HOSTAL CASA GUAJIRA
89881,ACTIVO,PERLAGUANEQUE SAS ZOMAC
90017,ACTIVO,GUAJIIRA AZUL HOTEL SAS
90567,ACTIVO,REX RIOHACHA
90568,ACTIVO,ASAWAA
91549,ACTIVO,CAMPING ECOTURISTICO LA CONSENTIDA
91552,ACTIVO,ECO TOUR GUAJIRA
91553,ACTIVO,TARDE DE RANCHERIA LA PLAZOLETA
91557,ACTIVO,RANCHERIA ETNOTURISTICA JASAY MULAAT
91949,ACTIVO,HOTEL CASA GRANDE RIOHACHA INN
645,ACTIVO,GUAJIRA TOURS. AGENCIA DE VIAJES Y TURISMO
2002,ACTIVO,CENTRO DE CONVENCIONES ANAS MAI
2289,ACTIVO,HOTEL ALMIRANTE PADILLA RIOHACHA
2599,ACTIVO,HOTEL JESSICA
4017,ACTIVO,HOTEL MAJAYURA
4362,ACTIVO,HOTEL LAS DOS PALMAS
4500,ACTIVO,HOTEL GIMAURA
5360,ACTIVO,ROJAS TRAVELS
6931,ACTIVO,HOTEL ARENAS
7641,ACTIVO,HOTEL RIOHACHA INTERNACIONAL
7874,ACTIVO,AVIATUR RIOHACHA
8852,ACTIVO,HOTEL ARIMACA
9258,ACTIVO,AGENCIA OPERADORA DE TURISMO
9347,ACTIVO,SOL-ERA VIAJES Y TURISMO E.A.T.
10066,ACTIVO,RESIDENCIAS AREMASAIN
10134,ACTIVO,HOTEL JEPIRACHI
10139,ACTIVO,HOTEL MI CASSONA
10667,ACTIVO,LUNA TOURS
10736,ACTIVO,KAI ECOTRAVEL OPERADOR COMUNITARIO DE TURISMO
11418,ACTIVO,TOURS RAMIRO VANEGAS OPERADORA
11601,ACTIVO,HOTEL LAS COLONIAS
11804,ACTIVO,HOTEL CONFORT DE LA GUAJIRA
12620,ACTIVO,CABO DE LA VELA TOUR`S
14942,ACTIVO,HOTEL PLAZA ROMA
17575,ACTIVO,HOTEL JIMATTA
17596,ACTIVO,BARBACOA HOTEL
18602,ACTIVO,HOTEL BIBI
20339,ACTIVO,WAYUU TOURS
23079,ACTIVO,AEROVIAS DEL CONTINENTE AMERICANO S.A AVIANCA. OF. AERO
23232,ACTIVO,HOTEL RIOHACHA
23244,ACTIVO,CASA FINCA VILLA ELINA
23283,ACTIVO,CASA BLANCA HOTEL
25447,ACTIVO,EL REMANSO DEL SANTUARIO
25881,ACTIVO,JW RIBAI HOTELS
25933,ACTIVO,HOTEL CASA DEL VIAJERO
26775,ACTIVO,MACUIRA TOURS S.A.S.
26776,ACTIVO,HOTEL Y ESTADERO TROPICAL
27357,ACTIVO,HOTEL KAYUUSI
27551,ACTIVO,HOTEL SANTA CECILIA RIOHACHA
27761,ACTIVO,HOTEL TAROA
28230,ACTIVO,APARTAHOTEL MARLUS REAL RIOHACHA
28971,ACTIVO,HOTEL MONACO DE RIOHACHA
30660,ACTIVO,JEBLACE TOURS
31233,ACTIVO,HOTEL COLONIAL RIOHACHA
31234,ACTIVO,HOTEL SOL Y LUNA RIOHACHA
33015,ACTIVO,HOTEL GENOS
33018,ACTIVO,CASA HOTEL JUAN PABLO II
33109,ACTIVO,HOTEL CASTILLO PLAZA
33301,ACTIVO,HOTEL Y CAFETERIA PRIMAVERA
34411,ACTIVO,HOTEL ANGIE REAL
34545,ACTIVO,ARPUSHANATOUR
35311,ACTIVO,COMERCIALIZADORA INTERNACIONAL EXPOTUR S.A.S.
35606,ACTIVO,HOSTAL LA CASA DE MAMA
35937,ACTIVO,EXPEDICION GUAJIRA
36045,ACTIVO,HOSTAL CASA PATIO BONITA
36633,ACTIVO,HOTEL MORIAH CENTER
36792,ACTIVO,NAUTICAL RECREACIONES S.A.S
37393,ACTIVO,KITEADDICT GUAJIRA
37637,ACTIVO,HOSTAL DON BIGOTE
37664,ACTIVO,TOURS ESPECIALES CABO DE LA VELA
38075,ACTIVO,GUAJIRAVENTURA
38108,ACTIVO,HISTORY TRAVELERS SAS
38494,ACTIVO,ALTA GUAJIRA TOURS S.A.S
38619,ACTIVO,HOTEL PANORAMA REAL INN
41548,ACTIVO,RIO TOURS
41744,ACTIVO,LA CASTELLANA HOTEL
42286,ACTIVO,BONA VIDA HOSTEL
42468,ACTIVO,CLUB SOCIAL Y DEPORTIVO CASA FINCA LA MARACUYA
42504,ACTIVO,HOTEL AMARA RIO
42681,ACTIVO,HOTEL ARASHI
43212,ACTIVO,HOTEL DIAMONDS
44745,ACTIVO,ANDARIEGOS
45625,ACTIVO,RESIDENCIA MARY MAR
45944,ACTIVO,HOTEL SUENO REAL RIOHACHA
47591,ACTIVO,EL CASTILLO DEL MAR SUITES
47625,ACTIVO,GUAJIRA MUNDO AGENCIA DE VIAJES Y TURISMO S.A.S.
47894,ACTIVO,HOSTAL CASA BONITA
47926,ACTIVO,CLUB VILLA CRISTY
49430,ACTIVO,HOSTAL CARIBE CONFOR
49432,ACTIVO,PORTAL DE PERLAS TOURS
50021,ACTIVO,HOTEL ELYAMARV S.A.S
50075,ACTIVO,HOTEL LIEVANO
50077,ACTIVO,RESIDENCIAS CABALLERO
50116,ACTIVO,CACTUS CITY HOSTEL CONFORT
50118,ACTIVO,MALECON PLAYA LONGUE
50204,ACTIVO,HOTEL BRISAS DEL NARE
50445,ACTIVO,HAMMOCKS HOSTEL
51294,ACTIVO,HOTEL EMERAWAA
52167,ACTIVO,EXPEDICIONES WALEKETT
52619,ACTIVO,BONA VIDA HOSTEL LA QUINTA
53695,ACTIVO,HOTEL OCEANO RIOHACHA
55359,ACTIVO,EXPRESO BRASILIA S.A.
55368,ACTIVO,HOSTAL LIWA - KASHI
55946,ACTIVO,GUAJIRA MAGICA EXCURSIONES RCH
56267,ACTIVO,SASHII HOSTEL BOUTIQUE
56320,ACTIVO,SAYMAN
56321,ACTIVO,GUAJIRO DREAM
56367,ACTIVO,HOTEL PARQUEADERO
56414,ACTIVO,HOSPEDAJE EL CARIBENO
56415,ACTIVO,LA GUAJIRA PARAISO TRAVEL
58368,ACTIVO,AGENCIA OPERADORA DE TURISMO BAHAREQUE TOURS
58369,ACTIVO,"APARTA HOTEL, CAFETERIA Y REFRESQUERIA LOS PECES"
58913,ACTIVO,HOTEL PANORAMA REAL 2
59418,ACTIVO,FINCA CAMPESTRE EL DESCANSO
59933,ACTIVO,VILLA KASHII
59934,ACTIVO,ATARDECER GUAJIRO
60260,ACTIVO,BUSINESS Y TRIP
60654,ACTIVO,HOSTEL LAGUNA SALA BY FSL
62874,ACTIVO,URBANTURS
63161,ACTIVO,HOTEL WALE KERU
63430,ACTIVO,PURAGUAJIRA TRAVEL
64174,ACTIVO,WAYUUCO BACKPACKERS
64180,ACTIVO,REX RIOHACHA
64190,ACTIVO,GUAJIRA TOURS LIMITADA EVENTOS
64200,ACTIVO,EXPLORA WAYUU
65645,ACTIVO,HOTEL CASA FINCA LA MARACUYA
65710,ACTIVO,HOSTAL YAMAR
65711,ACTIVO,KARIN HOTEL
66477,ACTIVO,VIAJA GUAJIRA
66480,ACTIVO,PLAYA SAMARA HOSTEL
67101,ACTIVO,ATUNKA DREAM TRAVEL
67154,ACTIVO,RANCHERIA SHIPIAWAYUU
67805,ACTIVO,HABITACIONES DONA CRISTI
68812,ACTIVO,HOTEL TAMAITI
68817,ACTIVO,HOTEL NOGALES
68818,ACTIVO,ECOTURES SIERRA MAR GUAJIRA S.A.S.
68822,ACTIVO,MARIA DEL PILAR MENDOZA ACOSTA
69272,ACTIVO,ELIMELEC TOURS GUAJIRA
69274,ACTIVO,SASHII TOURS
69278,ACTIVO,HOTEL GUAJIIRA AZUL
70832,ACTIVO,CARIBBEAN SCHOOL D.T
71578,ACTIVO,ANDRU HOTEL
71881,ACTIVO,WAYIRA PARADISE
72181,ACTIVO,GUAJIRA BIRDING TOURS
72328,ACTIVO,FINCA LA TRIADA
73055,ACTIVO,HOTEL ATARDECER GUAJIRO
73147,ACTIVO,HOTEL DAMA GUAJIRA
73148,ACTIVO,ROMZU HOTEL
73596,ACTIVO,WALENA HOTEL
73947,ACTIVO,LA SIERRA RIOHACHA
74028,ACTIVO,ASUURA TOURS
74769,ACTIVO,CASA ZAIDA HOSTAL VINTAGE
75116,ACTIVO,MAR AZUL PLAYA Y TURISMO
75119,ACTIVO,COLIBRI ANTEADO OPERADORA TURISTICA
75169,ACTIVO,INVERSIONES TORRES BARLIZA S.A.S
75170,ACTIVO,YURICA  PALMEZANO IBARRA
75552,ACTIVO,TOCUYO BIRDING
75697,ACTIVO,PUJURU TRAVEL
76070,ACTIVO,HOTEL LA VIEJA SARA RIOHACHA
76651,ACTIVO,MARADENTRO CAFE BAR
77057,ACTIVO,AVENTUROUS S.A.S
77313,ACTIVO,AMISTAD HOSTAL Y RESTAURANTE
77533,ACTIVO,NUEVE UNO HOSTEL
78044,ACTIVO,HOTEL TAMAIWA
78518,ACTIVO,PATROL TOURING
78522,ACTIVO,JUAN PABLO CASTRO MORALES
78524,ACTIVO,JUAN PABLO CASTRO MORALES
78881,ACTIVO,ALOJAMIENTO LA MARINA
79074,ACTIVO,SUMAJ FEELING TOURS
79521,ACTIVO,HOTEL SAN BERNARDO SAS
79682,ACTIVO,RANCHERIA TOURS
79848,ACTIVO,LAPU HOTEL RESTAURANTE BAR
79849,ACTIVO,MAR INN HOTEL
80691,ACTIVO,TURISMO POR COLOMBIA
81032,ACTIVO,CASA DE CISNES
81034,ACTIVO,HOSTAL SUMAIWA
81035,ACTIVO,GUAJIRA EXTREMA
81224,ACTIVO,HOSTAL SOLSTICIO GUAJIRO
81228,ACTIVO,LEDIS ELENA ESCOBAR GIRON
81998,ACTIVO,CARIBE TOURS COLOMBIA
82006,ACTIVO,AKUALINK HOSTEL
82334,ACTIVO,RESTAURANTE DISCO BAR REY DAVID
82335,ACTIVO,HOTEL LOS REMEDIOS TOURS
82720,ACTIVO,HOSTAL MI GUAJIRA
82723,ACTIVO,HOTEL GUAIRA
82961,ACTIVO,HOSTAL DON BIGOTE
84139,ACTIVO,EKIPUJANA TRAVELS TOURS
84211,ACTIVO,UNITRANSCO S.A.
84570,ACTIVO,HOTEL BRISAS DE LA GUAJIRA
84571,ACTIVO,AVIATUR RIOHACHA
84572,ACTIVO,HOTEL EL EJECUTIVO II
85020,ACTIVO,"GUAJIRA KITESURF SCHOOLS, BEACH CLUBS AND HOSTALS"
85021,ACTIVO,RESTAURANTE SEVICHERIA LA CASA DEL MARISCO
85023,ACTIVO,CANAVERAL RESTAURANTE
85024,ACTIVO,HOSTAL KITE
85027,ACTIVO,TUGUAJIRA.COM
85173,ACTIVO,HOTEL LAS VEGAS
85174,ACTIVO,HOTEL LA MAKUIRA
85175,ACTIVO,HOTEL MIRAFLORES RB
85454,ACTIVO,HOTEL YUMBREL
85456,ACTIVO,ROELIMAR
85462,ACTIVO,DIAMOND TOURS
85463,ACTIVO,MEGATRANS EXPRESS
86433,ACTIVO,GRUPO ALIANZA COLOMBIA WAYIRA
86481,ACTIVO,ELIMELEC TOURS GUAJIRA
87185,ACTIVO,TRANSFOX LTDA
87186,ACTIVO,TRANSPORTES YOSU LTDA
87187,ACTIVO,TRANSPORTE RAPIDO ARIJUNA
87188,ACTIVO,ACES EXPRESS S.A.S.
87189,ACTIVO,SESUMAN LTDA
87190,ACTIVO,HOTEL TUNEBO INN
87469,ACTIVO,MANEJO ESCOLAR
87471,ACTIVO,COTRANSYA S.A.S.
88245,ACTIVO,ALIUUKA TOURS AGENCIA DE VIAJES
88257,ACTIVO,SUCHIIMMA TOURS DINA ESTUPINAN
88259,ACTIVO,HOTEL MACAL PLAZA
89710,ACTIVO,CASA LALLEMAND
89711,ACTIVO,CASTILLO DEL MAR
89735,ACTIVO,CANAGUATE HOTEL BOUTIQUE SAS ZOMAC
89736,ACTIVO,HOSTAL CASA GUAJIRA
89881,ACTIVO,PERLAGUANEQUE SAS ZOMAC
90017,ACTIVO,GUAJIIRA AZUL HOTEL SAS
90567,ACTIVO,REX RIOHACHA
91549,ACTIVO,CAMPING ECOTURISTICO LA CONSENTIDA
91552,ACTIVO,ECO TOUR GUAJIRA
91553,ACTIVO,TARDE DE RANCHERIA LA PLAZOLETA
91557,ACTIVO,RANCHERIA ETNOTURISTICA JASAY MULAAT
91949,ACTIVO,HOTEL CASA GRANDE RIOHACHA INN
92946,ACTIVO,OPERADOR TURISTICO KNOWING THE WORD
92947,ACTIVO,ECOTRAVEL GUAJIRA
92964,ACTIVO,RANCHERIA ETNOTURISTICA LOMA FRESCA
92966,ACTIVO,FATIMA REAL APARTAHOTEL
94041,ACTIVO,FUNDACION EMPRENDER AKUMAJAA EN TURISMO
94048,ACTIVO,WAYUU GUIDES ECOTOURS TOKOKO
94049,ACTIVO,INSPIRA GUAJIRA TRAVEL
94059,ACTIVO,AGENCIA DE TURISMO EL FLAMENCO
94584,ACTIVO,NORELYS  URIANA GONZALEZ
94586,ACTIVO,GUAJIRA TOURS LIMITADA OPERADORES
645,ACTIVO,GUAJIRA TOURS. AGENCIA DE VIAJES Y TURISMO
2002,ACTIVO,CENTRO DE CONVENCIONES ANAS MAI
2289,ACTIVO,HOTEL ALMIRANTE PADILLA RIOHACHA
2599,ACTIVO,HOTEL JESSICA
4017,ACTIVO,HOTEL MAJAYURA
4362,ACTIVO,HOTEL LAS DOS PALMAS
4500,ACTIVO,HOTEL GIMAURA
5360,ACTIVO,ROJAS TRAVELS
6931,ACTIVO,HOTEL ARENAS
7641,ACTIVO,HOTEL RIOHACHA INTERNACIONAL
7874,ACTIVO,AVIATUR RIOHACHA
8852,ACTIVO,HOTEL ARIMACA
9258,ACTIVO,AGENCIA OPERADORA DE TURISMO
9347,ACTIVO,SOL-ERA VIAJES Y TURISMO E.A.T.
10134,ACTIVO,HOTEL JEPIRACHI
10139,ACTIVO,HOTEL MI CASSONA
10667,ACTIVO,LUNA TOURS
10736,ACTIVO,KAI ECOTRAVEL OPERADOR COMUNITARIO DE TURISMO
11418,ACTIVO,TOURS RAMIRO VANEGAS OPERADORA
11601,ACTIVO,HOTEL LAS COLONIAS
11804,ACTIVO,HOTEL CONFORT DE LA GUAJIRA
12620,ACTIVO,CABO DE LA VELA TOUR`S
14942,ACTIVO,HOTEL PLAZA ROMA
17575,ACTIVO,HOTEL JIMATTA
17596,ACTIVO,BARBACOA HOTEL
18602,ACTIVO,HOTEL BIBI
20339,ACTIVO,WAYUU TOURS
23079,ACTIVO,AEROVIAS DEL CONTINENTE AMERICANO S.A AVIANCA. OF. AERO
23244,ACTIVO,CASA FINCA VILLA ELINA
25447,ACTIVO,EL REMANSO DEL SANTUARIO
25881,ACTIVO,JW RIBAI HOTELS
25933,ACTIVO,HOTEL CASA DEL VIAJERO
26775,ACTIVO,MACUIRA TOURS S.A.S.
26776,ACTIVO,HOTEL Y ESTADERO TROPICAL
27357,ACTIVO,HOTEL KAYUUSI
27551,ACTIVO,HOTEL SANTA CECILIA RIOHACHA
27761,ACTIVO,HOTEL TAROA
28230,ACTIVO,APARTAHOTEL MARLUS REAL RIOHACHA
28971,ACTIVO,HOTEL MONACO DE RIOHACHA
30660,ACTIVO,JEBLACE TOURS
31233,ACTIVO,HOTEL COLONIAL RIOHACHA
31234,ACTIVO,HOTEL SOL Y LUNA RIOHACHA
33015,ACTIVO,HOTEL GENOS
33018,ACTIVO,CASA HOTEL JUAN PABLO II
33109,ACTIVO,HOTEL CASTILLO PLAZA
33301,ACTIVO,HOTEL Y CAFETERIA PRIMAVERA
34411,ACTIVO,HOTEL ANGIE REAL
34545,ACTIVO,ARPUSHANATOUR
35311,ACTIVO,COMERCIALIZADORA INTERNACIONAL EXPOTUR S.A.S.
35606,ACTIVO,HOSTAL LA CASA DE MAMA
35937,ACTIVO,EXPEDICION GUAJIRA
36045,ACTIVO,HOSTAL CASA PATIO BONITA
36633,ACTIVO,HOTEL MORIAH CENTER
36792,ACTIVO,NAUTICAL RECREACIONES S.A.S
37393,ACTIVO,KITEADDICT GUAJIRA
37664,ACTIVO,TOURS ESPECIALES CABO DE LA VELA
38075,ACTIVO,GUAJIRAVENTURA
38108,ACTIVO,HISTORY TRAVELERS SAS
38494,ACTIVO,ALTA GUAJIRA TOURS S.A.S
38619,ACTIVO,HOTEL PANORAMA REAL INN
41548,ACTIVO,RIO TOURS
41744,ACTIVO,LA CASTELLANA HOTEL
42286,ACTIVO,BONA VIDA HOSTEL
42468,ACTIVO,CLUB SOCIAL Y DEPORTIVO CASA FINCA LA MARACUYA
42504,ACTIVO,HOTEL AMARA RIO
42681,ACTIVO,HOTEL ARASHI
43212,ACTIVO,HOTEL DIAMONDS
45625,ACTIVO,RESIDENCIA MARY MAR
45944,ACTIVO,HOTEL SUENO REAL RIOHACHA
47591,ACTIVO,EL CASTILLO DEL MAR SUITES
47625,ACTIVO,GUAJIRA MUNDO AGENCIA DE VIAJES Y TURISMO S.A.S.
47894,ACTIVO,HOSTAL CASA BONITA
49430,ACTIVO,HOSTAL CARIBE CONFOR
49432,ACTIVO,PORTAL DE PERLAS TOURS
50021,ACTIVO,HOTEL ELYAMARV S.A.S
50075,ACTIVO,HOTEL LIEVANO
50077,ACTIVO,RESIDENCIAS CABALLERO
50116,ACTIVO,CACTUS CITY HOSTEL CONFORT
50118,ACTIVO,MALECON PLAYA LONGUE
50204,ACTIVO,HOTEL BRISAS DEL NARE
50445,ACTIVO,HAMMOCKS HOSTEL
51294,ACTIVO,HOTEL EMERAWAA
52167,ACTIVO,EXPEDICIONES WALEKETT
52619,ACTIVO,BONA VIDA HOSTEL LA QUINTA
55359,ACTIVO,EXPRESO BRASILIA S.A.
55368,ACTIVO,HOSTAL LIWA - KASHI
55946,ACTIVO,GUAJIRA MAGICA EXCURSIONES RCH
56267,ACTIVO,SASHII HOSTEL BOUTIQUE
56320,ACTIVO,SAYMAN
56321,ACTIVO,GUAJIRO DREAM
56367,ACTIVO,HOTEL PARQUEADERO
56414,ACTIVO,HOSPEDAJE EL CARIBENO
58368,ACTIVO,AGENCIA OPERADORA DE TURISMO BAHAREQUE TOURS
58369,ACTIVO,"APARTA HOTEL, CAFETERIA Y REFRESQUERIA LOS PECES"
58913,ACTIVO,HOTEL PANORAMA REAL 2
59933,ACTIVO,VILLA KASHII
60260,ACTIVO,BUSINESS Y TRIP
60654,ACTIVO,HOSTEL LAGUNA SALA BY FSL
63161,ACTIVO,HOTEL WALE KERU
63430,ACTIVO,PURAGUAJIRA TRAVEL
64174,ACTIVO,WAYUUCO BACKPACKERS
64180,ACTIVO,REX RIOHACHA
64190,ACTIVO,GUAJIRA TOURS LIMITADA EVENTOS
65645,ACTIVO,HOTEL CASA FINCA LA MARACUYA
65711,ACTIVO,KARIN HOTEL
66480,ACTIVO,PLAYA SAMARA HOSTEL
67101,ACTIVO,ATUNKA DREAM TRAVEL
67154,ACTIVO,RANCHERIA SHIPIAWAYUU
67805,ACTIVO,HABITACIONES DONA CRISTI
68812,ACTIVO,HOTEL TAMAITI
68817,ACTIVO,HOTEL NOGALES
68818,ACTIVO,ECOTURES SIERRA MAR GUAJIRA S.A.S.
68822,ACTIVO,MARIA DEL PILAR MENDOZA ACOSTA
69272,ACTIVO,ELIMELEC TOURS GUAJIRA
69274,ACTIVO,SASHII TOURS
70832,ACTIVO,CARIBBEAN SCHOOL D.T
71578,ACTIVO,ANDRU HOTEL
71881,ACTIVO,WAYIRA PARADISE
72181,ACTIVO,GUAJIRA BIRDING TOURS
72328,ACTIVO,FINCA LA TRIADA
73055,ACTIVO,HOTEL ATARDECER GUAJIRO
73147,ACTIVO,HOTEL DAMA GUAJIRA
73148,ACTIVO,ROMZU HOTEL
73596,ACTIVO,WALENA HOTEL
73947,ACTIVO,LA SIERRA RIOHACHA
74028,ACTIVO,ASUURA TOURS
74769,ACTIVO,CASA ZAIDA HOSTAL VINTAGE
75169,ACTIVO,INVERSIONES TORRES BARLIZA S.A.S
75170,ACTIVO,YURICA  PALMEZANO IBARRA
75697,ACTIVO,PUJURU TRAVEL
76070,ACTIVO,HOTEL LA VIEJA SARA RIOHACHA
77057,ACTIVO,AVENTUROUS S.A.S
77313,ACTIVO,AMISTAD HOSTAL Y RESTAURANTE
77533,ACTIVO,NUEVE UNO HOSTEL
78518,ACTIVO,PATROL TOURING
78881,ACTIVO,ALOJAMIENTO LA MARINA
79074,ACTIVO,SUMAJ FEELING TOURS
79521,ACTIVO,HOTEL SAN BERNARDO SAS
79848,ACTIVO,LAPU HOTEL RESTAURANTE BAR
79849,ACTIVO,MAR INN HOTEL
81034,ACTIVO,HOSTAL SUMAIWA
81228,ACTIVO,LEDIS ELENA ESCOBAR GIRON
82720,ACTIVO,HOSTAL MI GUAJIRA
82723,ACTIVO,HOTEL GUAIRA
82961,ACTIVO,HOSTAL DON BIGOTE
84139,ACTIVO,EKIPUJANA TRAVELS TOURS
84211,ACTIVO,UNITRANSCO S.A.
84571,ACTIVO,AVIATUR RIOHACHA
84572,ACTIVO,HOTEL EL EJECUTIVO II
85023,ACTIVO,CANAVERAL RESTAURANTE
85024,ACTIVO,HOSTAL KITE
85173,ACTIVO,HOTEL LAS VEGAS
85174,ACTIVO,HOTEL LA MAKUIRA
85175,ACTIVO,HOTEL MIRAFLORES RB
85454,ACTIVO,HOTEL YUMBREL
85456,ACTIVO,ROELIMAR
86433,ACTIVO,GRUPO ALIANZA COLOMBIA WAYIRA
86481,ACTIVO,ELIMELEC TOURS GUAJIRA
87190,ACTIVO,HOTEL TUNEBO INN
88259,ACTIVO,HOTEL MACAL PLAZA
89710,ACTIVO,CASA LALLEMAND
89711,ACTIVO,CASTILLO DEL MAR
89881,ACTIVO,PERLAGUANEQUE SAS ZOMAC
90567,ACTIVO,REX RIOHACHA
91549,ACTIVO,CAMPING ECOTURISTICO LA CONSENTIDA
91552,ACTIVO,ECO TOUR GUAJIRA
91553,ACTIVO,TARDE DE RANCHERIA LA PLAZOLETA
91557,ACTIVO,RANCHERIA ETNOTURISTICA JASAY MULAAT
91949,ACTIVO,HOTEL CASA GRANDE RIOHACHA INN
92946,ACTIVO,OPERADOR TURISTICO KNOWNG THE WORD
92947,ACTIVO,ECOTRAVEL GUAJIRA
92964,ACTIVO,RANCHERIA ETNOTURISTICA LOMA FRESCA
92966,ACTIVO,FATIMA REAL APARTAHOTEL
94041,ACTIVO,FUNDACION EMPRENDER AKUMAJAA EN TURISMO
94048,ACTIVO,WAYUU GUIDES ECOTOURS TOKOKO
94049,ACTIVO,INSPIRA GUAJIRA TRAVEL
94059,ACTIVO,AGENCIA DE TURISMO EL FLAMENCO
94584,ACTIVO,NORELYS  URIANA GONZALEZ
94586,ACTIVO,GUAJIRA TOURS LIMITADA OPERADORES
94827,ACTIVO,BEIBER JOSE MORA LOPEZ
94828,ACTIVO,LILA SABRINA LEONEL CANEDO
94829,ACTIVO,YOLANDA  CANO VARGAS
94830,ACTIVO,ALINDA LEE MOSCOTE MELO
94831,ACTIVO,MARIA LAURA PIMIENTA RODRIGUEZ
94833,ACTIVO,SOLANGEL  MANJARRES LOPEZ
94837,ACTIVO,ANDREA CAROLINA CAMARGO DELUQUEZ
94838,ACTIVO,FORERO BARRERA PAOLA ANDREA
94839,ACTIVO,YAIR MANUEL CAMARGO GUILLEN
94841,ACTIVO,RAGUIS MOISES MENDOZA CALDERON
94844,ACTIVO,SHAROM JULIANA GARCIA BUENO
94848,ACTIVO,ROSALBA NORAIMA RAMIREZ ALMAZO
95086,ACTIVO,HOTEL PRESIDENT
96127,ACTIVO,ALIUUKA TOURS AGENCIA DE VIAJES
645,ACTIVO,GUAJIRA TOURS. AGENCIA DE VIAJES Y TURISMO
2002,ACTIVO,CENTRO DE CONVENCIONES ANAS MAI
2289,ACTIVO,HOTEL ALMIRANTE PADILLA RIOHACHA
2599,ACTIVO,HOTEL JESSICA
4017,ACTIVO,HOTEL MAJAYURA
4362,ACTIVO,HOTEL LAS DOS PALMAS
4500,ACTIVO,HOTEL GIMAURA
5360,ACTIVO,ROJAS TRAVELS
6931,ACTIVO,HOTEL ARENAS
7641,ACTIVO,HOTEL RIOHACHA INTERNACIONAL
7874,ACTIVO,AVIATUR RIOHACHA
8852,ACTIVO,HOTEL ARIMACA
9258,ACTIVO,AGENCIA OPERADORA DE TURISMO
9347,ACTIVO,SOL-ERA VIAJES Y TURISMO E.A.T.
10134,ACTIVO,HOTEL JEPIRACHI
10139,ACTIVO,HOTEL MI CASSONA
10667,ACTIVO,LUNA TOURS
10736,ACTIVO,KAI ECOTRAVEL OPERADOR COMUNITARIO DE TURISMO
11418,ACTIVO,TOURS RAMIRO VANEGAS OPERADORA
11601,ACTIVO,HOTEL LAS COLONIAS
11804,ACTIVO,HOTEL CONFORT DE LA GUAJIRA
12620,ACTIVO,CABO DE LA VELA TOUR`S
14942,ACTIVO,HOTEL PLAZA ROMA
17575,ACTIVO,HOTEL JIMATTA
17596,ACTIVO,BARBACOA HOTEL
18602,ACTIVO,HOTEL BIBI
20339,ACTIVO,WAYUU TOURS
23079,ACTIVO,AEROVIAS DEL CONTINENTE AMERICANO S.A AVIANCA. OF. AERO
23232,ACTIVO,HOTEL RIOHACHA
23244,ACTIVO,CASA FINCA VILLA ELINA
23283,ACTIVO,CASA BLANCA HOTEL
25447,ACTIVO,EL REMANSO DEL SANTUARIO
25881,ACTIVO,JW RIBAI HOTELS
25933,ACTIVO,HOTEL CASA DEL VIAJERO
26775,ACTIVO,MACUIRA TOURS S.A.S.
26776,ACTIVO,HOTEL Y ESTADERO TROPICAL
27357,ACTIVO,HOTEL KAYUUSI
27551,ACTIVO,HOTEL SANTA CECILIA RIOHACHA
27761,ACTIVO,HOTEL TAROA
28230,ACTIVO,APARTAHOTEL MARLUS REAL RIOHACHA
28971,ACTIVO,HOTEL MONACO DE RIOHACHA
30660,ACTIVO,JEBLACE TOURS
31233,ACTIVO,HOTEL COLONIAL RIOHACHA
31234,ACTIVO,HOTEL SOL Y LUNA RIOHACHA
33015,ACTIVO,HOTEL GENOS
33018,ACTIVO,CASA HOTEL JUAN PABLO II
33109,ACTIVO,HOTEL CASTILLO PLAZA
33301,ACTIVO,HOTEL Y CAFETERIA PRIMAVERA
34411,ACTIVO,HOTEL ANGIE REAL
34545,ACTIVO,ARPUSHANATOUR
35311,ACTIVO,COMERCIALIZADORA INTERNACIONAL EXPOTUR S.A.S.
35606,ACTIVO,HOSTAL LA CASA DE MAMA
35937,ACTIVO,EXPEDICION GUAJIRA
36045,ACTIVO,HOSTAL CASA PATIO BONITA
36633,ACTIVO,HOTEL MORIAH CENTER
36792,ACTIVO,NAUTICAL RECREACIONES S.A.S
37393,ACTIVO,KITEADDICT GUAJIRA
37664,ACTIVO,TOURS ESPECIALES CABO DE LA VELA
38075,ACTIVO,GUAJIRAVENTURA
38108,ACTIVO,HISTORY TRAVELERS SAS
38494,ACTIVO,ALTA GUAJIRA TOURS S.A.S
38619,ACTIVO,HOTEL PANORAMA REAL INN
41548,ACTIVO,RIO TOURS
41744,ACTIVO,LA CASTELLANA HOTEL
42286,ACTIVO,BONA VIDA HOSTEL
42468,ACTIVO,CLUB SOCIAL Y DEPORTIVO CASA FINCA LA MARACUYA
42504,ACTIVO,HOTEL AMARA RIO
42681,ACTIVO,HOTEL ARASHI
43212,ACTIVO,HOTEL DIAMONDS
45625,ACTIVO,RESIDENCIA MARY MAR
45944,ACTIVO,HOTEL SUENO REAL RIOHACHA
47591,ACTIVO,EL CASTILLO DEL MAR SUITES
47625,ACTIVO,GUAJIRA MUNDO AGENCIA DE VIAJES Y TURISMO S.A.S.
47894,ACTIVO,HOSTAL CASA BONITA
49430,ACTIVO,HOSTAL CARIBE CONFOR
49432,ACTIVO,PORTAL DE PERLAS TOURS
50021,ACTIVO,HOTEL ELYAMARV S.A.S
50075,ACTIVO,HOTEL LIEVANO
50077,ACTIVO,RESIDENCIAS CABALLERO
50116,ACTIVO,CACTUS CITY HOSTEL CONFORT
50118,ACTIVO,MALECON PLAYA LONGUE
50204,ACTIVO,HOTEL BRISAS DEL NARE
50445,ACTIVO,HAMMOCKS HOSTEL
51294,ACTIVO,HOTEL EMERAWAA
52167,ACTIVO,EXPEDICIONES WALEKETT
52619,ACTIVO,BONA VIDA HOSTEL LA QUINTA
55359,ACTIVO,EXPRESO BRASILIA S.A.
55368,ACTIVO,HOSTAL LIWA - KASHI
55946,ACTIVO,GUAJIRA MAGICA EXCURSIONES RCH
56267,ACTIVO,SASHII HOSTEL BOUTIQUE
56320,ACTIVO,SAYMAN
56321,ACTIVO,GUAJIRO DREAM
56367,ACTIVO,HOTEL PARQUEADERO
56414,ACTIVO,HOSPEDAJE EL CARIBENO
58368,ACTIVO,AGENCIA OPERADORA DE TURISMO BAHAREQUE TOURS
58369,ACTIVO,"APARTA HOTEL, CAFETERIA Y REFRESQUERIA LOS PECES"
58913,ACTIVO,HOTEL PANORAMA REAL 2
59933,ACTIVO,VILLA KASHII
60260,ACTIVO,BUSINESS Y TRIP
60654,ACTIVO,HOSTEL LAGUNA SALA BY FSL
63161,ACTIVO,HOTEL WALE KERU
63430,ACTIVO,PURAGUAJIRA TRAVEL
64174,ACTIVO,WAYUUCO BACKPACKERS
64180,ACTIVO,REX RIOHACHA
64190,ACTIVO,GUAJIRA TOURS LIMITADA EVENTOS
65645,ACTIVO,HOTEL CASA FINCA LA MARACUYA
65711,ACTIVO,KARIN HOTEL
66480,ACTIVO,PLAYA SAMARA HOSTEL
67101,ACTIVO,ATUNKA DREAM TRAVEL
67154,ACTIVO,RANCHERIA SHIPIAWAYUU
67805,ACTIVO,HABITACIONES DONA CRISTI
68812,ACTIVO,HOTEL TAMAITI
68817,ACTIVO,HOTEL NOGALES
68818,ACTIVO,ECOTURES SIERRA MAR GUAJIRA S.A.S.
68822,ACTIVO,MARIA DEL PILAR MENDOZA ACOSTA
69272,ACTIVO,ELIMELEC TOURS GUAJIRA
69274,ACTIVO,SASHII TOURS
70832,ACTIVO,CARIBBEAN SCHOOL D.T
71578,ACTIVO,ANDRU HOTEL
71881,ACTIVO,WAYIRA PARADISE
72181,ACTIVO,GUAJIRA BIRDING TOURS
72328,ACTIVO,FINCA LA TRIADA
73055,ACTIVO,HOTEL ATARDECER GUAJIRO
73147,ACTIVO,HOTEL DAMA GUAJIRA
73148,ACTIVO,ROMZU HOTEL
73596,ACTIVO,WALENA HOTEL
73947,ACTIVO,LA SIERRA RIOHACHA
74028,ACTIVO,ASUURA TOURS
74769,ACTIVO,CASA ZAIDA HOSTAL VINTAGE
75169,ACTIVO,INVERSIONES TORRES BARLIZA S.A.S
75170,ACTIVO,YURICA  PALMEZANO IBARRA
75697,ACTIVO,PUJURU TRAVEL
76070,ACTIVO,HOTEL LA VIEJA SARA RIOHACHA
77057,ACTIVO,AVENTUROUS S.A.S
77313,ACTIVO,AMISTAD HOSTAL Y RESTAURANTE
77533,ACTIVO,NUEVE UNO HOSTEL
78518,ACTIVO,PATROL TOURING
78881,ACTIVO,ALOJAMIENTO LA MARINA
79074,ACTIVO,SUMAJ FEELING TOURS
79521,ACTIVO,HOTEL SAN BERNARDO SAS
79848,ACTIVO,LAPU HOTEL RESTAURANTE BAR
79849,ACTIVO,MAR INN HOTEL
81034,ACTIVO,HOSTAL SUMAIWA
81228,ACTIVO,LEDIS ELENA ESCOBAR GIRON
81998,ACTIVO,CARIBE TOURS COLOMBIA
82720,ACTIVO,HOSTAL MI GUAJIRA
82723,ACTIVO,HOTEL GUAIRA
82961,ACTIVO,HOSTAL DON BIGOTE
84139,ACTIVO,EKIPUJANA TRAVELS TOURS
84211,ACTIVO,UNITRANSCO S.A.
84571,ACTIVO,AVIATUR RIOHACHA
84572,ACTIVO,HOTEL EL EJECUTIVO II
85023,ACTIVO,CANAVERAL RESTAURANTE
85024,ACTIVO,HOSTAL KITE
85173,ACTIVO,HOTEL LAS VEGAS
85174,ACTIVO,HOTEL LA MAKUIRA
85175,ACTIVO,HOTEL MIRAFLORES RB
85454,ACTIVO,HOTEL YUMBREL
85456,ACTIVO,ROELIMAR
86433,ACTIVO,GRUPO ALIANZA COLOMBIA WAYIRA
86481,ACTIVO,ELIMELEC TOURS GUAJIRA
87190,ACTIVO,HOTEL TUNEBO INN
88259,ACTIVO,HOTEL MACAL PLAZA
89710,ACTIVO,CASA LALLEMAND
89711,ACTIVO,CASTILLO DEL MAR
89881,ACTIVO,PERLAGUANEQUE SAS ZOMAC
90567,ACTIVO,REX RIOHACHA
91549,ACTIVO,CAMPING ECOTURISTICO LA CONSENTIDA
91552,ACTIVO,ECO TOUR GUAJIRA
91553,ACTIVO,TARDE DE RANCHERIA LA PLAZOLETA
91557,ACTIVO,RANCHERIA ETNOTURISTICA JASAY MULAAT
91949,ACTIVO,HOTEL CASA GRANDE RIOHACHA INN
92946,ACTIVO,OPERADOR TURISTICO KNOWNG THE WORLD
92947,ACTIVO,ECOTRAVEL GUAJIRA
92964,ACTIVO,RANCHERIA ETNOTURISTICA LOMA FRESCA
92966,ACTIVO,FATIMA REAL APARTAHOTEL
94041,ACTIVO,FUNDACION EMPRENDER AKUMAJAA EN TURISMO
94048,ACTIVO,WAYUU GUIDES ECOTOURS TOKOKO
94049,ACTIVO,INSPIRA GUAJIRA TRAVEL
94059,ACTIVO,AGENCIA DE TURISMO EL FLAMENCO
94584,ACTIVO,NORELYS  URIANA GONZALEZ
94586,ACTIVO,GUAJIRA TOURS LIMITADA OPERADORES
94827,ACTIVO,BEIBER JOSE MORA LOPEZ
94828,ACTIVO,LILA SABRINA LEONEL CANEDO
94829,ACTIVO,YOLANDA  CANO VARGAS
94830,ACTIVO,ALINDA LEE MOSCOTE MELO
94831,ACTIVO,MARIA LAURA PIMIENTA RODRIGUEZ
94833,ACTIVO,SOLANGEL  MANJARRES LOPEZ
94837,ACTIVO,ANDREA CAROLINA CAMARGO DELUQUEZ
94838,ACTIVO,FORERO BARRERA PAOLA ANDREA
94839,ACTIVO,YAIR MANUEL CAMARGO GUILLEN
94841,ACTIVO,RAGUIS MOISES MENDOZA CALDERON
94844,ACTIVO,SHAROM JULIANA GARCIA BUENO
94848,ACTIVO,ROSALBA NORAIMA RAMIREZ ALMAZO
95086,ACTIVO,HOTEL PRESIDENT
96127,ACTIVO,ALIUUKA TOURS AGENCIA DE VIAJES
96798,ACTIVO,KAYMMA TOURS
96799,ACTIVO,INSPIRA COLOMBIA RIOHACHA
96803,ACTIVO,AVENTURISMO
97383,ACTIVO,AGENCIA OPERADORA DE TURISMO KAS POLUIN
645,ACTIVO,GUAJIRA TOURS. AGENCIA DE VIAJES Y TURISMO
2002,ACTIVO,CENTRO DE CONVENCIONES ANAS MAI
2289,ACTIVO,HOTEL ALMIRANTE PADILLA RIOHACHA
2599,ACTIVO,HOTEL JESSICA
4017,ACTIVO,HOTEL MAJAYURA
4362,ACTIVO,HOTEL LAS DOS PALMAS
4500,ACTIVO,HOTEL GIMAURA
5360,ACTIVO,ROJAS TRAVELS
6931,ACTIVO,HOTEL ARENAS
7641,ACTIVO,HOTEL RIOHACHA INTERNACIONAL
7874,ACTIVO,AVIATUR RIOHACHA
8852,ACTIVO,HOTEL ARIMACA
9258,ACTIVO,AGENCIA OPERADORA DE TURISMO
9347,ACTIVO,SOL-ERA VIAJES Y TURISMO E.A.T.
10134,ACTIVO,HOTEL JEPIRACHI
10139,ACTIVO,HOTEL MI CASSONA
10667,ACTIVO,LUNA TOURS
10736,ACTIVO,KAI ECOTRAVEL OPERADOR COMUNITARIO DE TURISMO
11418,ACTIVO,TOURS RAMIRO VANEGAS OPERADORA
11601,ACTIVO,HOTEL LAS COLONIAS
11804,ACTIVO,HOTEL CONFORT DE LA GUAJIRA
12620,ACTIVO,CABO DE LA VELA TOUR`S
14942,ACTIVO,HOTEL PLAZA ROMA
17575,ACTIVO,HOTEL JIMATTA
17596,ACTIVO,BARBACOA HOTEL
18602,ACTIVO,HOTEL BIBI
20339,ACTIVO,WAYUU TOURS
23079,ACTIVO,AEROVIAS DEL CONTINENTE AMERICANO S.A AVIANCA. OF. AERO
23232,ACTIVO,HOTEL RIOHACHA
23244,ACTIVO,CASA FINCA VILLA ELINA
23283,ACTIVO,CASA BLANCA HOTEL
25447,ACTIVO,EL REMANSO DEL SANTUARIO
25881,ACTIVO,JW RIBAI HOTELS
25933,ACTIVO,HOTEL CASA DEL VIAJERO
26775,ACTIVO,MACUIRA TOURS S.A.S.
26776,ACTIVO,HOTEL Y ESTADERO TROPICAL
27357,ACTIVO,HOTEL KAYUUSI
27551,ACTIVO,HOTEL SANTA CECILIA RIOHACHA
27761,ACTIVO,HOTEL TAROA
28230,ACTIVO,APARTAHOTEL MARLUS REAL RIOHACHA
28971,ACTIVO,HOTEL MONACO DE RIOHACHA
30660,ACTIVO,JEBLACE TOURS
31233,ACTIVO,HOTEL COLONIAL RIOHACHA
31234,ACTIVO,HOTEL SOL Y LUNA RIOHACHA
33015,ACTIVO,HOTEL GENOS
33018,ACTIVO,CASA HOTEL JUAN PABLO II
33109,ACTIVO,HOTEL CASTILLO PLAZA
33301,ACTIVO,HOTEL Y CAFETERIA PRIMAVERA
34411,ACTIVO,HOTEL ANGIE REAL
34545,ACTIVO,ARPUSHANATOUR
35311,ACTIVO,COMERCIALIZADORA INTERNACIONAL EXPOTUR S.A.S.
35606,ACTIVO,HOSTAL LA CASA DE MAMA
35937,ACTIVO,EXPEDICION GUAJIRA
36045,ACTIVO,HOSTAL CASA PATIO BONITA
36633,ACTIVO,HOTEL MORIAH CENTER
36792,ACTIVO,NAUTICAL RECREACIONES S.A.S
37393,ACTIVO,KITEADDICT GUAJIRA
37664,ACTIVO,TOURS ESPECIALES CABO DE LA VELA
38075,ACTIVO,GUAJIRAVENTURA
38108,ACTIVO,HISTORY TRAVELERS SAS
38494,ACTIVO,ALTA GUAJIRA TOURS S.A.S
38619,ACTIVO,HOTEL PANORAMA REAL INN
41548,ACTIVO,RIO TOURS
41744,ACTIVO,LA CASTELLANA HOTEL
42286,ACTIVO,BONA VIDA HOSTEL
42468,ACTIVO,CLUB SOCIAL Y DEPORTIVO CASA FINCA LA MARACUYA
42504,ACTIVO,HOTEL AMARA RIO
42681,ACTIVO,HOTEL ARASHI
43212,ACTIVO,HOTEL DIAMONDS
45625,ACTIVO,RESIDENCIA MARY MAR
45944,ACTIVO,HOTEL SUENO REAL RIOHACHA
47591,ACTIVO,EL CASTILLO DEL MAR SUITES
47625,ACTIVO,GUAJIRA MUNDO AGENCIA DE VIAJES Y TURISMO S.A.S.
47894,ACTIVO,HOSTAL CASA BONITA
49430,ACTIVO,HOSTAL CARIBE CONFOR
49432,ACTIVO,PORTAL DE PERLAS TOURS
50021,ACTIVO,HOTEL ELYAMARV S.A.S
50075,ACTIVO,HOTEL LIEVANO
50077,ACTIVO,RESIDENCIAS CABALLERO
50116,ACTIVO,CACTUS CITY HOSTEL CONFORT
50118,ACTIVO,MALECON PLAYA LONGUE
50204,ACTIVO,HOTEL BRISAS DEL NARE
50445,ACTIVO,HAMMOCKS HOSTEL
51294,ACTIVO,HOTEL EMERAWAA
52167,ACTIVO,EXPEDICIONES WALEKETT
52619,ACTIVO,BONA VIDA HOSTEL LA QUINTA
55359,ACTIVO,EXPRESO BRASILIA S.A.
55368,ACTIVO,HOSTAL LIWA - KASHI
55946,ACTIVO,GUAJIRA MAGICA EXCURSIONES RCH
56267,ACTIVO,SASHII HOSTEL BOUTIQUE
56320,ACTIVO,SAYMAN
56321,ACTIVO,GUAJIRO DREAM
56367,ACTIVO,HOTEL PARQUEADERO
56414,ACTIVO,HOSPEDAJE EL CARIBENO
58368,ACTIVO,AGENCIA OPERADORA DE TURISMO BAHAREQUE TOURS
58369,ACTIVO,"APARTA HOTEL, CAFETERIA Y REFRESQUERIA LOS PECES"
58913,ACTIVO,HOTEL PANORAMA REAL 2
59933,ACTIVO,VILLA KASHII
60260,ACTIVO,BUSINESS Y TRIP
60654,ACTIVO,HOSTEL LAGUNA SALA BY FSL
63161,ACTIVO,HOTEL WALE KERU
63430,ACTIVO,PURAGUAJIRA TRAVEL
64174,ACTIVO,WAYUUCO BACKPACKERS
64180,ACTIVO,REX RIOHACHA
64190,ACTIVO,GUAJIRA TOURS LIMITADA EVENTOS
65645,ACTIVO,HOTEL CASA FINCA LA MARACUYA
65711,ACTIVO,KARIN HOTEL
66480,ACTIVO,PLAYA SAMARA HOSTEL
67101,ACTIVO,ATUNKA DREAM TRAVEL
67154,ACTIVO,RANCHERIA SHIPIAWAYUU
67805,ACTIVO,HABITACIONES DONA CRISTI
68812,ACTIVO,HOTEL TAMAITI
68817,ACTIVO,HOTEL NOGALES
68818,ACTIVO,ECOTURES SIERRA MAR GUAJIRA S.A.S.
68822,ACTIVO,MARIA DEL PILAR MENDOZA ACOSTA
69272,ACTIVO,ELIMELEC TOURS GUAJIRA
69274,ACTIVO,SASHII TOURS
70832,ACTIVO,CARIBBEAN SCHOOL D.T
71578,ACTIVO,ANDRU HOTEL
71881,ACTIVO,WAYIRA PARADISE
72181,ACTIVO,GUAJIRA BIRDING TOURS
72328,ACTIVO,FINCA LA TRIADA
73055,ACTIVO,HOTEL ATARDECER GUAJIRO
73147,ACTIVO,HOTEL DAMA GUAJIRA
73148,ACTIVO,ROMZU HOTEL
73596,ACTIVO,WALENA HOTEL
73947,ACTIVO,LA SIERRA RIOHACHA
74028,ACTIVO,ASUURA TOURS
74769,ACTIVO,CASA ZAIDA HOSTAL VINTAGE
75169,ACTIVO,INVERSIONES TORRES BARLIZA S.A.S
75170,ACTIVO,YURICA  PALMEZANO IBARRA
75697,ACTIVO,PUJURU TRAVEL
76070,ACTIVO,HOTEL LA VIEJA SARA RIOHACHA
77057,ACTIVO,AVENTUROUS S.A.S
77313,ACTIVO,AMISTAD HOSTAL Y RESTAURANTE
77533,ACTIVO,NUEVE UNO HOSTEL
78518,ACTIVO,PATROL TOURING
78881,ACTIVO,ALOJAMIENTO LA MARINA
79074,ACTIVO,SUMAJ FEELING TOURS
79521,ACTIVO,HOTEL SAN BERNARDO SAS
79848,ACTIVO,LAPU HOTEL RESTAURANTE BAR
79849,ACTIVO,MAR INN HOTEL
81034,ACTIVO,HOSTAL SUMAIWA
81228,ACTIVO,LEDIS ELENA ESCOBAR GIRON
81998,ACTIVO,CARIBE TOURS COLOMBIA
82720,ACTIVO,HOSTAL MI GUAJIRA
82723,ACTIVO,HOTEL GUAIRA
82961,ACTIVO,HOSTAL DON BIGOTE
84139,ACTIVO,EKIPUJANA TRAVELS TOURS
84211,ACTIVO,UNITRANSCO S.A.
84571,ACTIVO,AVIATUR RIOHACHA
84572,ACTIVO,HOTEL EL EJECUTIVO II
85020,ACTIVO,"GUAJIRA KITESURF SCHOOLS, BEACH CLUBS AND HOSTALS"
85023,ACTIVO,CANAVERAL RESTAURANTE
85024,ACTIVO,HOSTAL KITE
85173,ACTIVO,HOTEL LAS VEGAS
85174,ACTIVO,HOTEL LA MAKUIRA
85175,ACTIVO,HOTEL MIRAFLORES RB
85454,ACTIVO,HOTEL YUMBREL
85456,ACTIVO,ROELIMAR
86433,ACTIVO,GRUPO ALIANZA COLOMBIA WAYIRA
86481,ACTIVO,ELIMELEC TOURS GUAJIRA
87190,ACTIVO,HOTEL TUNEBO INN
88259,ACTIVO,HOTEL MACAL PLAZA
89710,ACTIVO,CASA LALLEMAND
89711,ACTIVO,CASTILLO DEL MAR
89881,ACTIVO,PERLAGUANEQUE SAS ZOMAC
90567,ACTIVO,REX RIOHACHA
91549,ACTIVO,CAMPING ECOTURISTICO LA CONSENTIDA
91552,ACTIVO,ECO TOUR GUAJIRA
91553,ACTIVO,TARDE DE RANCHERIA LA PLAZOLETA
91557,ACTIVO,RANCHERIA ETNOTURISTICA JASAY MULAAT
91949,ACTIVO,HOTEL CASA GRANDE RIOHACHA INN
92946,ACTIVO,OPERADOR TURISTICO KNOWING THE WORLD
92947,ACTIVO,ECOTRAVEL GUAJIRA
92964,ACTIVO,RANCHERIA ETNOTURISTICA LOMA FRESCA
92966,ACTIVO,FATIMA REAL APARTAHOTEL
94041,ACTIVO,FUNDACION EMPRENDER AKUMAJAA EN TURISMO
94048,ACTIVO,WAYUU GUIDES ECOTOURS TOKOKO
94049,ACTIVO,INSPIRA GUAJIRA TRAVEL
94059,ACTIVO,AGENCIA DE TURISMO EL FLAMENCO
94584,ACTIVO,NORELYS  URIANA GONZALEZ
94586,ACTIVO,GUAJIRA TOURS LIMITADA OPERADORES
94827,ACTIVO,BEIBER JOSE MORA LOPEZ
94828,ACTIVO,LILA SABRINA LEONEL CANEDO
94829,ACTIVO,YOLANDA  CANO VARGAS
94830,ACTIVO,ALINDA LEE MOSCOTE MELO
94831,ACTIVO,MARIA LAURA PIMIENTA RODRIGUEZ
94833,ACTIVO,SOLANGEL  MANJARRES LOPEZ
94837,ACTIVO,ANDREA CAROLINA CAMARGO DELUQUEZ
94838,ACTIVO,FORERO BARRERA PAOLA ANDREA
94839,ACTIVO,YAIR MANUEL CAMARGO GUILLEN
94841,ACTIVO,RAGUIS MOISES MENDOZA CALDERON
94844,ACTIVO,SHAROM JULIANA GARCIA BUENO
94848,ACTIVO,ROSALBA NORAIMA RAMIREZ ALMAZO
95086,ACTIVO,HOTEL PRESIDENT
96127,ACTIVO,ALIUUKA TOURS AGENCIA DE VIAJES
96798,ACTIVO,KAYMMA TOURS
96799,ACTIVO,INSPIRA COLOMBIA RIOHACHA
96803,ACTIVO,AVENTURISMO
97383,ACTIVO,AGENCIA OPERADORA DE TURISMO KAS POLUIN
97645,ACTIVO,SHILIWALA EXPEDICIONES AGENCIA DE VIAJES
97646,ACTIVO,COLIBRI ANTEADO OPERADORA TURISTICA
97647,ACTIVO,ROSADO GOMEZ ANDERSSON JHOVANY
97649,ACTIVO,TOCUYO BIRDING
97733,ACTIVO,KAYMMA TOURS
98130,ACTIVO,CARIBBEAN WATERSPORTS
645,ACTIVO,GUAJIRA TOURS. AGENCIA DE VIAJES Y TURISMO
2002,ACTIVO,CENTRO DE CONVENCIONES ANAS MAI
2289,ACTIVO,HOTEL ALMIRANTE PADILLA RIOHACHA
2599,ACTIVO,HOTEL JESSICA
4017,ACTIVO,HOTEL MAJAYURA
4362,ACTIVO,HOTEL LAS DOS PALMAS
4500,ACTIVO,HOTEL GIMAURA
5360,ACTIVO,ROJAS TRAVELS
6931,ACTIVO,HOTEL ARENAS
7641,ACTIVO,HOTEL RIOHACHA INTERNACIONAL
7874,ACTIVO,AVIATUR RIOHACHA
8852,ACTIVO,HOTEL ARIMACA
9258,ACTIVO,AGENCIA OPERADORA DE TURISMO
9347,ACTIVO,SOL-ERA VIAJES Y TURISMO E.A.T.
10134,ACTIVO,HOTEL JEPIRACHI
10139,ACTIVO,HOTEL MI CASSONA
10667,ACTIVO,LUNA TOURS
10736,ACTIVO,KAI ECOTRAVEL OPERADOR COMUNITARIO DE TURISMO
11418,ACTIVO,TOURS RAMIRO VANEGAS OPERADORA
11601,ACTIVO,HOTEL LAS COLONIAS
11804,ACTIVO,HOTEL CONFORT DE LA GUAJIRA
12620,ACTIVO,CABO DE LA VELA TOUR`S
14942,ACTIVO,HOTEL PLAZA ROMA
17575,ACTIVO,HOTEL JIMATTA
17596,ACTIVO,BARBACOA HOTEL
18602,ACTIVO,HOTEL BIBI
20339,ACTIVO,WAYUU TOURS
23079,ACTIVO,AEROVIAS DEL CONTINENTE AMERICANO S.A AVIANCA. OF. AERO
23232,ACTIVO,HOTEL RIOHACHA
23244,ACTIVO,CASA FINCA VILLA ELINA
23283,ACTIVO,CASA BLANCA HOTEL
25447,ACTIVO,EL REMANSO DEL SANTUARIO
25881,ACTIVO,JW RIBAI HOTELS
25933,ACTIVO,HOTEL CASA DEL VIAJERO
26775,ACTIVO,MACUIRA TOURS S.A.S.
26776,ACTIVO,HOTEL Y ESTADERO TROPICAL
27357,ACTIVO,HOTEL KAYUUSI
27551,ACTIVO,HOTEL SANTA CECILIA RIOHACHA
27761,ACTIVO,HOTEL TAROA
28230,ACTIVO,APARTAHOTEL MARLUS REAL RIOHACHA
28971,ACTIVO,HOTEL MONACO DE RIOHACHA
30660,ACTIVO,JEBLACE TOURS
31233,ACTIVO,HOTEL COLONIAL RIOHACHA
31234,ACTIVO,HOTEL SOL Y LUNA RIOHACHA
33015,ACTIVO,HOTEL GENOS
33018,ACTIVO,CASA HOTEL JUAN PABLO II
33109,ACTIVO,HOTEL CASTILLO PLAZA
33301,ACTIVO,HOTEL Y CAFETERIA PRIMAVERA
34411,ACTIVO,HOTEL ANGIE REAL
34545,ACTIVO,ARPUSHANATOUR
35311,ACTIVO,COMERCIALIZADORA INTERNACIONAL EXPOTUR S.A.S.
35606,ACTIVO,HOSTAL LA CASA DE MAMA
35937,ACTIVO,EXPEDICION GUAJIRA
36045,ACTIVO,HOSTAL CASA PATIO BONITA
36633,ACTIVO,HOTEL MORIAH CENTER
36792,ACTIVO,NAUTICAL RECREACIONES S.A.S
37393,ACTIVO,KITEADDICT GUAJIRA
37664,ACTIVO,TOURS ESPECIALES CABO DE LA VELA
38075,ACTIVO,GUAJIRAVENTURA
38108,ACTIVO,HISTORY TRAVELERS SAS
38494,ACTIVO,ALTA GUAJIRA TOURS S.A.S
38619,ACTIVO,HOTEL PANORAMA REAL INN
41548,ACTIVO,RIO TOURS
41744,ACTIVO,LA CASTELLANA HOTEL
42286,ACTIVO,BONA VIDA HOSTEL
42468,ACTIVO,CLUB SOCIAL Y DEPORTIVO CASA FINCA LA MARACUYA
42504,ACTIVO,HOTEL AMARA RIO
42681,ACTIVO,HOTEL ARASHI
43212,ACTIVO,HOTEL DIAMONDS
44745,ACTIVO,ANDARIEGOS
45625,ACTIVO,RESIDENCIA MARY MAR
45944,ACTIVO,HOTEL SUENO REAL RIOHACHA
47591,ACTIVO,EL CASTILLO DEL MAR SUITES
47625,ACTIVO,GUAJIRA MUNDO AGENCIA DE VIAJES Y TURISMO S.A.S.
47894,ACTIVO,HOSTAL CASA BONITA
49430,ACTIVO,HOSTAL CARIBE CONFOR
49432,ACTIVO,PORTAL DE PERLAS TOURS
50021,ACTIVO,HOTEL ELYAMARV S.A.S
50075,ACTIVO,HOTEL LIEVANO
50077,ACTIVO,RESIDENCIAS CABALLERO
50116,ACTIVO,CACTUS CITY HOSTEL CONFORT
50118,ACTIVO,MALECON PLAYA LONGUE
50204,ACTIVO,HOTEL BRISAS DEL NARE
50445,ACTIVO,HAMMOCKS HOSTEL
51294,ACTIVO,HOTEL EMERAWAA
52167,ACTIVO,EXPEDICIONES WALEKETT
52619,ACTIVO,BONA VIDA HOSTEL LA QUINTA
55359,ACTIVO,EXPRESO BRASILIA S.A.
55368,ACTIVO,HOSTAL LIWA - KASHI
55946,ACTIVO,GUAJIRA MAGICA EXCURSIONES RCH
56267,ACTIVO,SASHII HOSTEL BOUTIQUE
56320,ACTIVO,SAYMAN
56321,ACTIVO,GUAJIRO DREAM
56367,ACTIVO,HOTEL PARQUEADERO
56414,ACTIVO,HOSPEDAJE EL CARIBENO
58368,ACTIVO,AGENCIA OPERADORA DE TURISMO BAHAREQUE TOURS
58369,ACTIVO,"APARTA HOTEL, CAFETERIA Y REFRESQUERIA LOS PECES"
58913,ACTIVO,HOTEL PANORAMA REAL 2
59933,ACTIVO,VILLA KASHII
60260,ACTIVO,BUSINESS Y TRIP
60654,ACTIVO,HOSTEL LAGUNA SALA BY FSL
63161,ACTIVO,HOTEL WALE KERU
63430,ACTIVO,PURAGUAJIRA TRAVEL
64174,ACTIVO,WAYUUCO BACKPACKERS
64180,ACTIVO,REX RIOHACHA
64190,ACTIVO,GUAJIRA TOURS LIMITADA EVENTOS
65645,ACTIVO,HOTEL CASA FINCA LA MARACUYA
65711,ACTIVO,KARIN HOTEL
66480,ACTIVO,PLAYA SAMARA HOSTEL
67101,ACTIVO,ATUNKA DREAM TRAVEL
67154,ACTIVO,RANCHERIA SHIPIAWAYUU
67805,ACTIVO,HABITACIONES DONA CRISTI
68812,ACTIVO,HOTEL TAMAITI
68817,ACTIVO,HOTEL NOGALES
68818,ACTIVO,ECOTURES SIERRA MAR GUAJIRA S.A.S.
68822,ACTIVO,MARIA DEL PILAR MENDOZA ACOSTA
69272,ACTIVO,ELIMELEC TOURS GUAJIRA
69274,ACTIVO,SASHII TOURS
70832,ACTIVO,CARIBBEAN SCHOOL D.T
71578,ACTIVO,ANDRU HOTEL
71881,ACTIVO,WAYIRA PARADISE
72181,ACTIVO,GUAJIRA BIRDING TOURS
72328,ACTIVO,FINCA LA TRIADA
73055,ACTIVO,HOTEL ATARDECER GUAJIRO
73147,ACTIVO,HOTEL DAMA GUAJIRA
73148,ACTIVO,ROMZU HOTEL
73596,ACTIVO,WALENA HOTEL
73947,ACTIVO,LA SIERRA RIOHACHA
74028,ACTIVO,ASUURA TOURS
74769,ACTIVO,CASA ZAIDA HOSTAL VINTAGE
75169,ACTIVO,INVERSIONES TORRES BARLIZA S.A.S
75170,ACTIVO,YURICA  PALMEZANO IBARRA
75697,ACTIVO,PUJURU TRAVEL
76070,ACTIVO,HOTEL LA VIEJA SARA RIOHACHA
77057,ACTIVO,AVENTUROUS S.A.S
77313,ACTIVO,AMISTAD HOSTAL Y RESTAURANTE
77533,ACTIVO,NUEVE UNO HOSTEL
78518,ACTIVO,PATROL TOURING
78881,ACTIVO,ALOJAMIENTO LA MARINA
79074,ACTIVO,SUMAJ FEELING TOURS
79521,ACTIVO,HOTEL SAN BERNARDO SAS
79848,ACTIVO,LAPU HOTEL RESTAURANTE BAR
79849,ACTIVO,MAR INN HOTEL
81034,ACTIVO,HOSTAL SUMAIWA
81228,ACTIVO,LEDIS ELENA ESCOBAR GIRON
81998,ACTIVO,CARIBE TOURS COLOMBIA
82335,ACTIVO,HOTEL LOS REMEDIOS TOURS
82720,ACTIVO,HOSTAL MI GUAJIRA
82723,ACTIVO,HOTEL GUAIRA
82961,ACTIVO,HOSTAL DON BIGOTE
84139,ACTIVO,EKIPUJANA TRAVELS TOURS
84211,ACTIVO,UNITRANSCO S.A.
84571,ACTIVO,AVIATUR RIOHACHA
84572,ACTIVO,HOTEL EL EJECUTIVO II
85020,ACTIVO,"GUAJIRA KITESURF SCHOOLS, BEACH CLUBS AND HOSTALS"
85023,ACTIVO,CANAVERAL RESTAURANTE
85024,ACTIVO,HOSTAL KITE
85173,ACTIVO,HOTEL LAS VEGAS
85174,ACTIVO,HOTEL LA MAKUIRA
85175,ACTIVO,HOTEL MIRAFLORES RB
85454,ACTIVO,HOTEL YUMBREL
85456,ACTIVO,ROELIMAR
86433,ACTIVO,GRUPO ALIANZA COLOMBIA WAYIRA
86481,ACTIVO,ELIMELEC TOURS GUAJIRA
87190,ACTIVO,HOTEL TUNEBO INN
88259,ACTIVO,HOTEL MACAL PLAZA
89710,ACTIVO,CASA LALLEMAND
89711,ACTIVO,CASTILLO DEL MAR
89881,ACTIVO,PERLAGUANEQUE SAS ZOMAC
90567,ACTIVO,REX RIOHACHA
91549,ACTIVO,CAMPING ECOTURISTICO LA CONSENTIDA
91552,ACTIVO,ECO TOUR GUAJIRA
91553,ACTIVO,TARDE DE RANCHERIA LA PLAZOLETA
91557,ACTIVO,RANCHERIA ETNOTURISTICA JASAY MULAAT
91949,ACTIVO,HOTEL CASA GRANDE RIOHACHA INN
92946,ACTIVO,OPERADOR TURISTICO KNOWING THE WORLD
92947,ACTIVO,ECOTRAVEL GUAJIRA
92964,ACTIVO,RANCHERIA ETNOTURISTICA LOMA FRESCA
92966,ACTIVO,FATIMA REAL APARTAHOTEL
94041,ACTIVO,FUNDACION EMPRENDER AKUMAJAA EN TURISMO
94048,ACTIVO,WAYUU GUIDES ECOTOURS TOKOKO
94049,ACTIVO,INSPIRA GUAJIRA TRAVEL
94059,ACTIVO,AGENCIA DE TURISMO EL FLAMENCO
94584,ACTIVO,NORELYS  URIANA GONZALEZ
94586,ACTIVO,GUAJIRA TOURS LIMITADA OPERADORES
94827,ACTIVO,BEIBER JOSE MORA LOPEZ
94828,ACTIVO,LILA SABRINA LEONEL CANEDO
94829,ACTIVO,YOLANDA  CANO VARGAS
94830,ACTIVO,ALINDA LEE MOSCOTE MELO
94831,ACTIVO,MARIA LAURA PIMIENTA RODRIGUEZ
94833,ACTIVO,SOLANGEL  MANJARRES LOPEZ
94837,ACTIVO,ANDREA CAROLINA CAMARGO DELUQUEZ
94838,ACTIVO,FORERO BARRERA PAOLA ANDREA
94839,ACTIVO,YAIR MANUEL CAMARGO GUILLEN
94841,ACTIVO,RAGUIS MOISES MENDOZA CALDERON
94844,ACTIVO,SHAROM JULIANA GARCIA BUENO
94848,ACTIVO,ROSALBA NORAIMA RAMIREZ ALMAZO
95086,ACTIVO,HOTEL PRESIDENT
96127,ACTIVO,ALIUUKA TOURS AGENCIA DE VIAJES
96798,ACTIVO,KAYMMA TOURS
96799,ACTIVO,INSPIRA COLOMBIA RIOHACHA
96803,ACTIVO,AVENTURISMO
97383,ACTIVO,AGENCIA OPERADORA DE TURISMO KAS POLUIN
97645,ACTIVO,SHILIWALA EXPEDICIONES AGENCIA DE VIAJES
97646,ACTIVO,COLIBRI ANTEADO OPERADORA TURISTICA
97647,ACTIVO,ROSADO GOMEZ ANDERSSON JHOVANY
97649,ACTIVO,TOCUYO BIRDING
97733,ACTIVO,KAYMMA TOURS
98130,ACTIVO,CARIBBEAN WATERSPORTS
98625,ACTIVO,VIAJA GUAJIRA
98629,ACTIVO,WAJIRA AKUA TOUR
98630,ACTIVO,JULIO CESAR PEREZ PATERNINA
98636,ACTIVO,CENTRAL NACIONAL DE COMPRAS FRUTAS DE VERANO S.A.S.
99348,ACTIVO,WILRO EXPRESS
99350,ACTIVO,ALMA GUAJIRA
99351,ACTIVO,HOTEL LA SIERRA RIOHACHA 2
645,ACTIVO,GUAJIRA TOURS. AGENCIA DE VIAJES Y TURISMO
2002,ACTIVO,CENTRO DE CONVENCIONES ANAS MAI
2289,ACTIVO,HOTEL ALMIRANTE PADILLA RIOHACHA
2599,ACTIVO,HOTEL JESSICA
4017,ACTIVO,HOTEL MAJAYURA
4362,ACTIVO,HOTEL LAS DOS PALMAS
4500,ACTIVO,HOTEL GIMAURA
5360,ACTIVO,ROJAS TRAVELS
6931,ACTIVO,HOTEL ARENAS
7641,ACTIVO,HOTEL RIOHACHA INTERNACIONAL
7874,ACTIVO,AVIATUR RIOHACHA
8852,ACTIVO,HOTEL ARIMACA
9258,ACTIVO,AGENCIA OPERADORA DE TURISMO
9347,ACTIVO,SOL-ERA VIAJES Y TURISMO E.A.T.
10134,ACTIVO,HOTEL JEPIRACHI
10139,ACTIVO,HOTEL MI CASSONA
10667,ACTIVO,LUNA TOURS
10736,ACTIVO,KAI ECOTRAVEL OPERADOR COMUNITARIO DE TURISMO
11418,ACTIVO,TOURS RAMIRO VANEGAS OPERADORA
11601,ACTIVO,HOTEL LAS COLONIAS
11804,ACTIVO,HOTEL CONFORT DE LA GUAJIRA
12620,ACTIVO,CABO DE LA VELA TOUR`S
14942,ACTIVO,HOTEL PLAZA ROMA
17575,ACTIVO,HOTEL JIMATTA
17596,ACTIVO,BARBACOA HOTEL
18602,ACTIVO,HOTEL BIBI
20339,ACTIVO,WAYUU TOURS
23079,ACTIVO,AEROVIAS DEL CONTINENTE AMERICANO S.A AVIANCA. OF. AERO
23232,ACTIVO,HOTEL RIOHACHA
23244,ACTIVO,CASA FINCA VILLA ELINA
23283,ACTIVO,CASA BLANCA HOTEL
25447,ACTIVO,EL REMANSO DEL SANTUARIO
25881,ACTIVO,JW RIBAI HOTELS
25933,ACTIVO,HOTEL CASA DEL VIAJERO
26775,ACTIVO,MACUIRA TOURS S.A.S.
26776,ACTIVO,HOTEL Y ESTADERO TROPICAL
27357,ACTIVO,HOTEL KAYUUSI
27551,ACTIVO,HOTEL SANTA CECILIA RIOHACHA
27761,ACTIVO,HOTEL TAROA
28230,ACTIVO,APARTAHOTEL MARLUS REAL RIOHACHA
28971,ACTIVO,HOTEL MONACO DE RIOHACHA
30660,ACTIVO,JEBLACE TOURS
31233,ACTIVO,HOTEL COLONIAL RIOHACHA
31234,ACTIVO,HOTEL SOL Y LUNA RIOHACHA
33015,ACTIVO,HOTEL GENOS
33018,ACTIVO,CASA HOTEL JUAN PABLO II
33109,ACTIVO,HOTEL CASTILLO PLAZA
33301,ACTIVO,HOTEL Y CAFETERIA PRIMAVERA
34411,ACTIVO,HOTEL ANGIE REAL
34545,ACTIVO,ARPUSHANATOUR
35311,ACTIVO,COMERCIALIZADORA INTERNACIONAL EXPOTUR S.A.S.
35606,ACTIVO,HOSTAL LA CASA DE MAMA
35937,ACTIVO,EXPEDICION GUAJIRA
36045,ACTIVO,HOSTAL CASA PATIO BONITA
36633,ACTIVO,HOTEL MORIAH CENTER
36792,ACTIVO,NAUTICAL RECREACIONES S.A.S
37393,ACTIVO,KITEADDICT GUAJIRA
37664,ACTIVO,TOURS ESPECIALES CABO DE LA VELA
38075,ACTIVO,GUAJIRAVENTURA
38108,ACTIVO,HISTORY TRAVELERS SAS
38494,ACTIVO,ALTA GUAJIRA TOURS S.A.S
38619,ACTIVO,HOTEL PANORAMA REAL INN
41548,ACTIVO,RIO TOURS
41744,ACTIVO,LA CASTELLANA HOTEL
42286,ACTIVO,BONA VIDA HOSTEL
42468,ACTIVO,CLUB SOCIAL Y DEPORTIVO CASA FINCA LA MARACUYA
42504,ACTIVO,HOTEL AMARA RIO
42681,ACTIVO,HOTEL ARASHI
43212,ACTIVO,HOTEL DIAMONDS
44745,ACTIVO,ANDARIEGOS
45625,ACTIVO,RESIDENCIA MARY MAR
45944,ACTIVO,HOTEL SUENO REAL RIOHACHA
47591,ACTIVO,EL CASTILLO DEL MAR SUITES
47625,ACTIVO,GUAJIRA MUNDO AGENCIA DE VIAJES Y TURISMO S.A.S.
47894,ACTIVO,HOSTAL CASA BONITA
49430,ACTIVO,HOSTAL CARIBE CONFOR
49432,ACTIVO,PORTAL DE PERLAS TOURS
50021,ACTIVO,HOTEL ELYAMARV S.A.S
50075,ACTIVO,HOTEL LIEVANO
50077,ACTIVO,RESIDENCIAS CABALLERO
50116,ACTIVO,CACTUS CITY HOSTEL CONFORT
50118,ACTIVO,MALECON PLAYA LONGUE
50204,ACTIVO,HOTEL BRISAS DEL NARE
50445,ACTIVO,HAMMOCKS HOSTEL
51294,ACTIVO,HOTEL EMERAWAA
52167,ACTIVO,EXPEDICIONES WALEKETT
52619,ACTIVO,BONA VIDA HOSTEL LA QUINTA
55359,ACTIVO,EXPRESO BRASILIA S.A.
55368,ACTIVO,HOSTAL LIWA - KASHI
55946,ACTIVO,GUAJIRA MAGICA EXCURSIONES RCH
56267,ACTIVO,SASHII HOSTEL BOUTIQUE
56320,ACTIVO,SAYMAN
56321,ACTIVO,GUAJIRO DREAM
56367,ACTIVO,HOTEL PARQUEADERO
56414,ACTIVO,HOSPEDAJE EL CARIBENO
58368,ACTIVO,AGENCIA OPERADORA DE TURISMO BAHAREQUE TOURS
58369,ACTIVO,"APARTA HOTEL, CAFETERIA Y REFRESQUERIA LOS PECES"
58913,ACTIVO,HOTEL PANORAMA REAL 2
59933,ACTIVO,VILLA KASHII
60260,ACTIVO,BUSINESS Y TRIP
60654,ACTIVO,HOSTEL LAGUNA SALA BY FSL
63161,ACTIVO,HOTEL WALE KERU
63430,ACTIVO,PURAGUAJIRA TRAVEL
64174,ACTIVO,WAYUUCO BACKPACKERS
64180,ACTIVO,REX RIOHACHA
64190,ACTIVO,GUAJIRA TOURS LIMITADA EVENTOS
65645,ACTIVO,HOTEL CASA FINCA LA MARACUYA
65711,ACTIVO,KARIN HOTEL
66480,ACTIVO,PLAYA SAMARA HOSTEL
67101,ACTIVO,ATUNKA DREAM TRAVEL
67154,ACTIVO,RANCHERIA SHIPIAWAYUU
67805,ACTIVO,HABITACIONES DONA CRISTI
68812,ACTIVO,HOTEL TAMAITI
68817,ACTIVO,HOTEL NOGALES
68818,ACTIVO,ECOTURES SIERRA MAR GUAJIRA S.A.S.
68822,ACTIVO,MARIA DEL PILAR MENDOZA ACOSTA
69272,ACTIVO,ELIMELEC TOURS GUAJIRA
69274,ACTIVO,SASHII TOURS
70832,ACTIVO,CARIBBEAN SCHOOL D.T
71578,ACTIVO,ANDRU HOTEL
71881,ACTIVO,WAYIRA PARADISE
72181,ACTIVO,GUAJIRA BIRDING TOURS
72328,ACTIVO,FINCA LA TRIADA
73055,ACTIVO,HOTEL ATARDECER GUAJIRO
73147,ACTIVO,HOTEL DAMA GUAJIRA
73148,ACTIVO,ROMZU HOTEL
73596,ACTIVO,WALENA HOTEL
73947,ACTIVO,LA SIERRA RIOHACHA
74028,ACTIVO,ASUURA TOURS
74769,ACTIVO,CASA ZAIDA HOSTAL VINTAGE
75169,ACTIVO,INVERSIONES TORRES BARLIZA S.A.S
75170,ACTIVO,YURICA  PALMEZANO IBARRA
75697,ACTIVO,PUJURU TRAVEL
76070,ACTIVO,HOTEL LA VIEJA SARA RIOHACHA
77057,ACTIVO,AVENTUROUS S.A.S
77313,ACTIVO,AMISTAD HOSTAL Y RESTAURANTE
77533,ACTIVO,NUEVE UNO HOSTEL
78518,ACTIVO,PATROL TOURING
78881,ACTIVO,ALOJAMIENTO LA MARINA
79074,ACTIVO,SUMAJ FEELING TOURS
79521,ACTIVO,HOTEL SAN BERNARDO SAS
79848,ACTIVO,LAPU HOTEL RESTAURANTE BAR
79849,ACTIVO,MAR INN HOTEL
81034,ACTIVO,HOSTAL SUMAIWA
81228,ACTIVO,LEDIS ELENA ESCOBAR GIRON
81998,ACTIVO,CARIBE TOURS COLOMBIA
82335,ACTIVO,HOTEL LOS REMEDIOS TOURS
82720,ACTIVO,HOSTAL MI GUAJIRA
82723,ACTIVO,HOTEL GUAIRA
82961,ACTIVO,HOSTAL DON BIGOTE
84139,ACTIVO,EKIPUJANA TRAVELS TOURS
84211,ACTIVO,UNITRANSCO S.A.
84571,ACTIVO,AVIATUR RIOHACHA
84572,ACTIVO,HOTEL EL EJECUTIVO II
85020,ACTIVO,"GUAJIRA KITESURF SCHOOLS, BEACH CLUBS AND HOSTALS"
85023,ACTIVO,CANAVERAL RESTAURANTE
85024,ACTIVO,HOSTAL KITE
85173,ACTIVO,HOTEL LAS VEGAS
85174,ACTIVO,HOTEL LA MAKUIRA
85175,ACTIVO,HOTEL MIRAFLORES RB
85454,ACTIVO,HOTEL YUMBREL
85456,ACTIVO,ROELIMAR
86433,ACTIVO,GRUPO ALIANZA COLOMBIA WAYIRA
86481,ACTIVO,ELIMELEC TOURS GUAJIRA
87190,ACTIVO,HOTEL TUNEBO INN
88259,ACTIVO,HOTEL MACAL PLAZA
89710,ACTIVO,CASA LALLEMAND
89711,ACTIVO,CASTILLO DEL MAR
89881,ACTIVO,PERLAGUANEQUE SAS ZOMAC
90567,ACTIVO,REX RIOHACHA
91549,ACTIVO,CAMPING ECOTURISTICO LA CONSENTIDA
91552,ACTIVO,ECO TOUR GUAJIRA
91553,ACTIVO,TARDE DE RANCHERIA LA PLAZOLETA
91557,ACTIVO,RANCHERIA ETNOTURISTICA JASAY MULAAT
91949,ACTIVO,HOTEL CASA GRANDE RIOHACHA INN
92946,ACTIVO,OPERADOR TURISTICO KNOWING THE WORLD
92947,ACTIVO,ECOTRAVEL GUAJIRA
92964,ACTIVO,RANCHERIA ETNOTURISTICA LOMA FRESCA
92966,ACTIVO,FATIMA REAL APARTAHOTEL
94041,ACTIVO,FUNDACION EMPRENDER AKUMAJAA EN TURISMO
94048,ACTIVO,WAYUU GUIDES ECOTOURS TOKOKO
94049,ACTIVO,INSPIRA GUAJIRA TRAVEL
94059,ACTIVO,AGENCIA DE TURISMO EL FLAMENCO
94584,ACTIVO,NORELYS  URIANA GONZALEZ
94586,ACTIVO,GUAJIRA TOURS LIMITADA OPERADORES
94827,ACTIVO,BEIBER JOSE MORA LOPEZ
94828,ACTIVO,LILA SABRINA LEONEL CANEDO
94829,ACTIVO,YOLANDA  CANO VARGAS
94830,ACTIVO,ALINDA LEE MOSCOTE MELO
94831,ACTIVO,MARIA LAURA PIMIENTA RODRIGUEZ
94833,ACTIVO,SOLANGEL  MANJARRES LOPEZ
94837,ACTIVO,ANDREA CAROLINA CAMARGO DELUQUEZ
94838,ACTIVO,FORERO BARRERA PAOLA ANDREA
94839,ACTIVO,YAIR MANUEL CAMARGO GUILLEN
94841,ACTIVO,RAGUIS MOISES MENDOZA CALDERON
94844,ACTIVO,SHAROM JULIANA GARCIA BUENO
94848,ACTIVO,ROSALBA NORAIMA RAMIREZ ALMAZO
95086,ACTIVO,HOTEL PRESIDENT
96127,ACTIVO,ALIUUKA TOURS AGENCIA DE VIAJES
96798,ACTIVO,KAYMMA TOURS
96799,ACTIVO,INSPIRA COLOMBIA RIOHACHA
96803,ACTIVO,AVENTURISMO
97383,ACTIVO,AGENCIA OPERADORA DE TURISMO KAS POLUIN
97645,ACTIVO,SHILIWALA EXPEDICIONES AGENCIA DE VIAJES
97646,ACTIVO,COLIBRI ANTEADO OPERADORA TURISTICA
97647,ACTIVO,ROSADO GOMEZ ANDERSSON JHOVANY
97649,ACTIVO,TOCUYO BIRDING
97733,ACTIVO,KAYMMA TOURS
98130,ACTIVO,CARIBBEAN WATERSPORTS
98625,ACTIVO,VIAJA GUAJIRA
98629,ACTIVO,WAJIRA AKUA TOUR
98630,ACTIVO,JULIO CESAR PEREZ PATERNINA
98636,ACTIVO,CENTRAL NACIONAL DE COMPRAS FRUTAS DE VERANO S.A.S.
99348,ACTIVO,WILRO EXPRESS
99350,ACTIVO,ALMA GUAJIRA
99351,ACTIVO,HOTEL LA SIERRA RIOHACHA 2
99566,ACTIVO,NUEVO HORIZONTE DE LA NEVADA
99759,ACTIVO,HOTEL MAJAYURA SOL S.A.S.
100067,ACTIVO,PLAYA PERDIDA
100405,ACTIVO,AGENCIA DE VIAJES DISCOVERY FAMILY
100407,ACTIVO,SUCHIIMMA TOURS DINA INES ESTUPINAN SOLANO
100408,ACTIVO,COLOMBIA TOURS 97
645,ACTIVO,GUAJIRA TOURS. AGENCIA DE VIAJES Y TURISMO
2002,ACTIVO,CENTRO DE CONVENCIONES ANAS MAI
2289,ACTIVO,HOTEL ALMIRANTE PADILLA RIOHACHA
2599,ACTIVO,HOTEL JESSICA
4017,ACTIVO,HOTEL MAJAYURA
4362,ACTIVO,HOTEL LAS DOS PALMAS
4500,ACTIVO,HOTEL GIMAURA
5360,ACTIVO,ROJAS TRAVELS
6931,ACTIVO,HOTEL ARENAS
7641,ACTIVO,HOTEL RIOHACHA INTERNACIONAL
7874,ACTIVO,AVIATUR RIOHACHA
8852,ACTIVO,HOTEL ARIMACA
9258,ACTIVO,AGENCIA OPERADORA DE TURISMO
9347,ACTIVO,SOL-ERA VIAJES Y TURISMO E.A.T.
10134,ACTIVO,HOTEL JEPIRACHI
10139,ACTIVO,HOTEL MI CASSONA
10667,ACTIVO,LUNA TOURS
10736,ACTIVO,KAI ECOTRAVEL OPERADOR COMUNITARIO DE TURISMO
11418,ACTIVO,TOURS RAMIRO VANEGAS OPERADORA
11601,ACTIVO,HOTEL LAS COLONIAS
11804,ACTIVO,HOTEL CONFORT DE LA GUAJIRA
12620,ACTIVO,CABO DE LA VELA TOUR`S
14942,ACTIVO,HOTEL PLAZA ROMA
17575,ACTIVO,HOTEL JIMATTA
17596,ACTIVO,BARBACOA HOTEL
18602,ACTIVO,HOTEL BIBI
20339,ACTIVO,WAYUU TOURS
23079,ACTIVO,AEROVIAS DEL CONTINENTE AMERICANO S.A AVIANCA. OF. AERO
23232,ACTIVO,HOTEL RIOHACHA
23244,ACTIVO,CASA FINCA VILLA ELINA
23283,ACTIVO,CASA BLANCA HOTEL
25447,ACTIVO,EL REMANSO DEL SANTUARIO
25881,ACTIVO,JW RIBAI HOTELS
25933,ACTIVO,HOTEL CASA DEL VIAJERO
26775,ACTIVO,MACUIRA TOURS S.A.S.
26776,ACTIVO,HOTEL Y ESTADERO TROPICAL
27357,ACTIVO,HOTEL KAYUUSI
27551,ACTIVO,HOTEL SANTA CECILIA RIOHACHA
27761,ACTIVO,HOTEL TAROA
28230,ACTIVO,APARTAHOTEL MARLUS REAL RIOHACHA
28971,ACTIVO,HOTEL MONACO DE RIOHACHA
30660,ACTIVO,JEBLACE TOURS
31233,ACTIVO,HOTEL COLONIAL RIOHACHA
31234,ACTIVO,HOTEL SOL Y LUNA RIOHACHA
33015,ACTIVO,HOTEL GENOS
33018,ACTIVO,CASA HOTEL JUAN PABLO II
33109,ACTIVO,HOTEL CASTILLO PLAZA
33301,ACTIVO,HOTEL Y CAFETERIA PRIMAVERA
34411,ACTIVO,HOTEL ANGIE REAL
34545,ACTIVO,ARPUSHANATOUR
35311,ACTIVO,COMERCIALIZADORA INTERNACIONAL EXPOTUR S.A.S.
35606,ACTIVO,HOSTAL LA CASA DE MAMA
35937,ACTIVO,EXPEDICION GUAJIRA
36045,ACTIVO,HOSTAL CASA PATIO BONITA
36633,ACTIVO,HOTEL MORIAH CENTER
36792,ACTIVO,NAUTICAL RECREACIONES S.A.S
37393,ACTIVO,KITEADDICT GUAJIRA
37664,ACTIVO,TOURS ESPECIALES CABO DE LA VELA
38075,ACTIVO,GUAJIRAVENTURA
38108,ACTIVO,HISTORY TRAVELERS SAS
38494,ACTIVO,ALTA GUAJIRA TOURS S.A.S
38619,ACTIVO,HOTEL PANORAMA REAL INN
41548,ACTIVO,RIO TOURS
41744,ACTIVO,LA CASTELLANA HOTEL
42286,ACTIVO,BONA VIDA HOSTEL
42468,ACTIVO,CLUB SOCIAL Y DEPORTIVO CASA FINCA LA MARACUYA
42504,ACTIVO,HOTEL AMARA RIO
42681,ACTIVO,HOTEL ARASHI
43212,ACTIVO,HOTEL DIAMONDS
44745,ACTIVO,ANDARIEGOS
45625,ACTIVO,RESIDENCIA MARY MAR
45944,ACTIVO,HOTEL SUENO REAL RIOHACHA
47591,ACTIVO,EL CASTILLO DEL MAR SUITES
47625,ACTIVO,GUAJIRA MUNDO AGENCIA DE VIAJES Y TURISMO S.A.S.
47894,ACTIVO,HOSTAL CASA BONITA
49430,ACTIVO,HOSTAL CARIBE CONFOR
49432,ACTIVO,PORTAL DE PERLAS TOURS
50021,ACTIVO,HOTEL ELYAMARV S.A.S
50075,ACTIVO,HOTEL LIEVANO
50077,ACTIVO,RESIDENCIAS CABALLERO
50116,ACTIVO,CACTUS CITY HOSTEL CONFORT
50118,ACTIVO,MALECON PLAYA LONGUE
50204,ACTIVO,HOTEL BRISAS DEL NARE
50445,ACTIVO,HAMMOCKS HOSTEL
51294,ACTIVO,HOTEL EMERAWAA
52167,ACTIVO,EXPEDICIONES WALEKETT
52619,ACTIVO,BONA VIDA HOSTEL LA QUINTA
55359,ACTIVO,EXPRESO BRASILIA S.A.
55368,ACTIVO,HOSTAL LIWA - KASHI
55946,ACTIVO,GUAJIRA MAGICA EXCURSIONES RCH
56267,ACTIVO,SASHII HOSTEL BOUTIQUE
56320,ACTIVO,SAYMAN
56321,ACTIVO,GUAJIRO DREAM
56367,ACTIVO,HOTEL PARQUEADERO
56414,ACTIVO,HOSPEDAJE EL CARIBENO
58368,ACTIVO,AGENCIA OPERADORA DE TURISMO BAHAREQUE TOURS
58369,ACTIVO,"APARTA HOTEL, CAFETERIA Y REFRESQUERIA LOS PECES"
58913,ACTIVO,HOTEL PANORAMA REAL 2
59933,ACTIVO,VILLA KASHII
60260,ACTIVO,BUSINESS Y TRIP
60654,ACTIVO,HOSTEL LAGUNA SALA BY FSL
63161,ACTIVO,HOTEL WALE KERU
63430,ACTIVO,PURAGUAJIRA TRAVEL
64174,ACTIVO,WAYUUCO BACKPACKERS
64180,ACTIVO,REX RIOHACHA
64190,ACTIVO,GUAJIRA TOURS LIMITADA EVENTOS
64200,ACTIVO,EXPLORA WAYUU
65645,ACTIVO,HOTEL CASA FINCA LA MARACUYA
65711,ACTIVO,KARIN HOTEL
66480,ACTIVO,PLAYA SAMARA HOSTEL
67101,ACTIVO,ATUNKA DREAM TRAVEL
67154,ACTIVO,RANCHERIA SHIPIAWAYUU
67805,ACTIVO,HABITACIONES DONA CRISTI
68812,ACTIVO,HOTEL TAMAITI
68817,ACTIVO,HOTEL NOGALES
68818,ACTIVO,ECOTURES SIERRA MAR GUAJIRA S.A.S.
68822,ACTIVO,MARIA DEL PILAR MENDOZA ACOSTA
69272,ACTIVO,ELIMELEC TOURS GUAJIRA
69274,ACTIVO,SASHII TOURS
70832,ACTIVO,CARIBBEAN SCHOOL D.T
71578,ACTIVO,ANDRU HOTEL
71881,ACTIVO,WAYIRA PARADISE
72181,ACTIVO,GUAJIRA BIRDING TOURS
72328,ACTIVO,FINCA LA TRIADA
73055,ACTIVO,HOTEL ATARDECER GUAJIRO
73147,ACTIVO,HOTEL DAMA GUAJIRA
73148,ACTIVO,ROMZU HOTEL
73596,ACTIVO,WALENA HOTEL
73947,ACTIVO,LA SIERRA RIOHACHA
74028,ACTIVO,ASUURA TOURS
74769,ACTIVO,CASA ZAIDA HOSTAL VINTAGE
75169,ACTIVO,INVERSIONES TORRES BARLIZA S.A.S
75170,ACTIVO,YURICA  PALMEZANO IBARRA
75697,ACTIVO,PUJURU TRAVEL
76070,ACTIVO,HOTEL LA VIEJA SARA RIOHACHA
77057,ACTIVO,AVENTUROUS S.A.S
77313,ACTIVO,AMISTAD HOSTAL Y RESTAURANTE
77533,ACTIVO,NUEVE UNO HOSTEL
78518,ACTIVO,PATROL TOURING
78881,ACTIVO,ALOJAMIENTO LA MARINA
79074,ACTIVO,SUMAJ FEELING TOURS
79521,ACTIVO,HOTEL SAN BERNARDO SAS
79848,ACTIVO,LAPU HOTEL RESTAURANTE BAR
79849,ACTIVO,MAR INN HOTEL
81034,ACTIVO,HOSTAL SUMAIWA
81228,ACTIVO,LEDIS ELENA ESCOBAR GIRON
81998,ACTIVO,CARIBE TOURS COLOMBIA
82335,ACTIVO,HOTEL LOS REMEDIOS TOURS
82720,ACTIVO,HOSTAL MI GUAJIRA
82723,ACTIVO,HOTEL GUAIRA
82961,ACTIVO,HOSTAL DON BIGOTE
84139,ACTIVO,EKIPUJANA TRAVELS TOURS
84211,ACTIVO,UNITRANSCO S.A.
84571,ACTIVO,AVIATUR RIOHACHA
84572,ACTIVO,HOTEL EL EJECUTIVO II
85020,ACTIVO,"GUAJIRA KITESURF SCHOOLS, BEACH CLUBS AND HOSTALS"
85023,ACTIVO,CANAVERAL RESTAURANTE
85024,ACTIVO,HOSTAL KITE
85173,ACTIVO,HOTEL LAS VEGAS
85174,ACTIVO,HOTEL LA MAKUIRA
85175,ACTIVO,HOTEL MIRAFLORES RB
85454,ACTIVO,HOTEL YUMBREL
85456,ACTIVO,ROELIMAR
86433,ACTIVO,GRUPO ALIANZA COLOMBIA WAYIRA
86481,ACTIVO,ELIMELEC TOURS GUAJIRA
87190,ACTIVO,HOTEL TUNEBO INN
88259,ACTIVO,HOTEL MACAL PLAZA
89710,ACTIVO,CASA LALLEMAND
89711,ACTIVO,CASTILLO DEL MAR
89881,ACTIVO,PERLAGUANEQUE SAS ZOMAC
90567,ACTIVO,REX RIOHACHA
91549,ACTIVO,CAMPING ECOTURISTICO LA CONSENTIDA
91552,ACTIVO,ECO TOUR GUAJIRA
91553,ACTIVO,TARDE DE RANCHERIA LA PLAZOLETA
91557,ACTIVO,RANCHERIA ETNOTURISTICA JASAY MULAAT
91949,ACTIVO,HOTEL CASA GRANDE RIOHACHA INN
92946,ACTIVO,OPERADOR TURISTICO KNOWING THE WORLD
92947,ACTIVO,ECOTRAVEL GUAJIRA
92964,ACTIVO,RANCHERIA ETNOTURISTICA LOMA FRESCA
92966,ACTIVO,FATIMA REAL APARTAHOTEL
94041,ACTIVO,FUNDACION EMPRENDER AKUMAJAA EN TURISMO
94048,ACTIVO,WAYUU GUIDES ECOTOURS TOKOKO
94049,ACTIVO,INSPIRA GUAJIRA TRAVEL
94059,ACTIVO,AGENCIA DE TURISMO EL FLAMENCO
94584,ACTIVO,NORELYS  URIANA GONZALEZ
94586,ACTIVO,GUAJIRA TOURS LIMITADA OPERADORES
94827,ACTIVO,BEIBER JOSE MORA LOPEZ
94828,ACTIVO,LILA SABRINA LEONEL CANEDO
94829,ACTIVO,YOLANDA  CANO VARGAS
94830,ACTIVO,ALINDA LEE MOSCOTE MELO
94831,ACTIVO,MARIA LAURA PIMIENTA RODRIGUEZ
94833,ACTIVO,SOLANGEL  MANJARRES LOPEZ
94837,ACTIVO,ANDREA CAROLINA CAMARGO DELUQUEZ
94838,ACTIVO,FORERO BARRERA PAOLA ANDREA
94839,ACTIVO,YAIR MANUEL CAMARGO GUILLEN
94841,ACTIVO,RAGUIS MOISES MENDOZA CALDERON
94844,ACTIVO,SHAROM JULIANA GARCIA BUENO
94848,ACTIVO,ROSALBA NORAIMA RAMIREZ ALMAZO
95086,ACTIVO,HOTEL PRESIDENT
96127,ACTIVO,ALIUUKA TOURS AGENCIA DE VIAJES
96798,ACTIVO,KAYMMA TOURS
96799,ACTIVO,INSPIRA COLOMBIA RIOHACHA
96803,ACTIVO,AVENTURISMO
97383,ACTIVO,AGENCIA OPERADORA DE TURISMO KAS POLUIN
97645,ACTIVO,SHILIWALA EXPEDICIONES AGENCIA DE VIAJES
97646,ACTIVO,COLIBRI ANTEADO OPERADORA TURISTICA
97647,ACTIVO,ROSADO GOMEZ ANDERSSON JHOVANY
97649,ACTIVO,TOCUYO BIRDING
97733,ACTIVO,KAYMMA TOURS
98130,ACTIVO,CARIBBEAN WATERSPORTS
98625,ACTIVO,VIAJA GUAJIRA
98629,ACTIVO,WAJIRA AKUA TOUR
98630,ACTIVO,JULIO CESAR PEREZ PATERNINA
98636,ACTIVO,CENTRAL NACIONAL DE COMPRAS FRUTAS DE VERANO S.A.S.
99348,ACTIVO,WILRO EXPRESS
99350,ACTIVO,ALMA GUAJIRA
99351,ACTIVO,HOTEL LA SIERRA RIOHACHA 2
99566,ACTIVO,NUEVO HORIZONTE DE LA NEVADA
99759,ACTIVO,HOTEL MAJAYURA SOL S.A.S.
100067,ACTIVO,PLAYA PERDIDA
100405,ACTIVO,AGENCIA DE VIAJES DISCOVERY FAMILY
100407,ACTIVO,SUCHIIMMA TOURS DINA INES ESTUPINAN SOLANO
100408,ACTIVO,COLOMBIA TOURS 97
101541,ACTIVO,GUAJIRA CASA DEL MAR HOTEL BOUTIQUE
645,ACTIVO,GUAJIRA TOURS. AGENCIA DE VIAJES Y TURISMO
2002,ACTIVO,CENTRO DE CONVENCIONES ANAS MAI
2289,ACTIVO,HOTEL ALMIRANTE PADILLA RIOHACHA
2599,ACTIVO,HOTEL JESSICA
4017,ACTIVO,HOTEL MAJAYURA
4362,ACTIVO,HOTEL LAS DOS PALMAS
4500,ACTIVO,HOTEL GIMAURA
5360,ACTIVO,ROJAS TRAVELS
6931,ACTIVO,HOTEL ARENAS
7641,ACTIVO,HOTEL RIOHACHA INTERNACIONAL
7874,ACTIVO,AVIATUR RIOHACHA
8852,ACTIVO,HOTEL ARIMACA
9258,ACTIVO,AGENCIA OPERADORA DE TURISMO
9347,ACTIVO,SOL-ERA VIAJES Y TURISMO E.A.T.
10134,ACTIVO,HOTEL JEPIRACHI
10139,ACTIVO,HOTEL MI CASSONA
10667,ACTIVO,LUNA TOURS
10736,ACTIVO,KAI ECOTRAVEL OPERADOR COMUNITARIO DE TURISMO
11418,ACTIVO,TOURS RAMIRO VANEGAS OPERADORA
11601,ACTIVO,HOTEL LAS COLONIAS
11804,ACTIVO,HOTEL CONFORT DE LA GUAJIRA
12620,ACTIVO,CABO DE LA VELA TOUR`S
14942,ACTIVO,HOTEL PLAZA ROMA
17575,ACTIVO,HOTEL JIMATTA
17596,ACTIVO,BARBACOA HOTEL
18602,ACTIVO,HOTEL BIBI
20339,ACTIVO,WAYUU TOURS
23079,ACTIVO,AEROVIAS DEL CONTINENTE AMERICANO S.A AVIANCA. OF. AERO
23232,ACTIVO,HOTEL RIOHACHA
23244,ACTIVO,CASA FINCA VILLA ELINA
23283,ACTIVO,CASA BLANCA HOTEL
25447,ACTIVO,EL REMANSO DEL SANTUARIO
25881,ACTIVO,JW RIBAI HOTELS
25933,ACTIVO,HOTEL CASA DEL VIAJERO
26775,ACTIVO,MACUIRA TOURS S.A.S.
26776,ACTIVO,HOTEL Y ESTADERO TROPICAL
27357,ACTIVO,HOTEL KAYUUSI
27551,ACTIVO,HOTEL SANTA CECILIA RIOHACHA
27761,ACTIVO,HOTEL TAROA
28230,ACTIVO,APARTAHOTEL MARLUS REAL RIOHACHA
28971,ACTIVO,HOTEL MONACO DE RIOHACHA
30660,ACTIVO,JEBLACE TOURS
31233,ACTIVO,HOTEL COLONIAL RIOHACHA
31234,ACTIVO,HOTEL SOL Y LUNA RIOHACHA
33015,ACTIVO,HOTEL GENOS
33018,ACTIVO,CASA HOTEL JUAN PABLO II
33109,ACTIVO,HOTEL CASTILLO PLAZA
33301,ACTIVO,HOTEL Y CAFETERIA PRIMAVERA
34411,ACTIVO,HOTEL ANGIE REAL
34545,ACTIVO,ARPUSHANATOUR
35311,ACTIVO,COMERCIALIZADORA INTERNACIONAL EXPOTUR S.A.S.
35606,ACTIVO,HOSTAL LA CASA DE MAMA
35937,ACTIVO,EXPEDICION GUAJIRA
36045,ACTIVO,HOSTAL CASA PATIO BONITA
36633,ACTIVO,HOTEL MORIAH CENTER
36792,ACTIVO,NAUTICAL RECREACIONES S.A.S
37393,ACTIVO,KITEADDICT GUAJIRA
37664,ACTIVO,TOURS ESPECIALES CABO DE LA VELA
38075,ACTIVO,GUAJIRAVENTURA
38108,ACTIVO,HISTORY TRAVELERS SAS
38494,ACTIVO,ALTA GUAJIRA TOURS S.A.S
38619,ACTIVO,HOTEL PANORAMA REAL INN
41548,ACTIVO,RIO TOURS
41744,ACTIVO,LA CASTELLANA HOTEL
42286,ACTIVO,BONA VIDA HOSTEL
42468,ACTIVO,CLUB SOCIAL Y DEPORTIVO CASA FINCA LA MARACUYA
42504,ACTIVO,HOTEL AMARA RIO
42681,ACTIVO,HOTEL ARASHI
43212,ACTIVO,HOTEL DIAMONDS
44745,ACTIVO,ANDARIEGOS
45625,ACTIVO,RESIDENCIA MARY MAR
45944,ACTIVO,HOTEL SUENO REAL RIOHACHA
47591,ACTIVO,EL CASTILLO DEL MAR SUITES
47625,ACTIVO,GUAJIRA MUNDO AGENCIA DE VIAJES Y TURISMO S.A.S.
47894,ACTIVO,HOSTAL CASA BONITA
49430,ACTIVO,HOSTAL CARIBE CONFOR
49432,ACTIVO,PORTAL DE PERLAS TOURS
50021,ACTIVO,HOTEL ELYAMARV S.A.S
50075,ACTIVO,HOTEL LIEVANO
50077,ACTIVO,RESIDENCIAS CABALLERO
50116,ACTIVO,CACTUS CITY HOSTEL CONFORT
50118,ACTIVO,MALECON PLAYA LONGUE
50445,ACTIVO,HAMMOCKS HOSTEL
51294,ACTIVO,HOTEL EMERAWAA
52167,ACTIVO,EXPEDICIONES WALEKETT
52619,ACTIVO,BONA VIDA HOSTEL LA QUINTA
55359,ACTIVO,EXPRESO BRASILIA S.A.
55368,ACTIVO,HOSTAL LIWA - KASHI
55946,ACTIVO,GUAJIRA MAGICA EXCURSIONES RCH
56267,ACTIVO,SASHII HOSTEL BOUTIQUE
56320,ACTIVO,SAYMAN
56321,ACTIVO,GUAJIRO DREAM
56367,ACTIVO,HOTEL PARQUEADERO
56414,ACTIVO,HOSPEDAJE EL CARIBENO
58368,ACTIVO,AGENCIA OPERADORA DE TURISMO BAHAREQUE TOURS
58369,ACTIVO,"APARTA HOTEL, CAFETERIA Y REFRESQUERIA LOS PECES"
58913,ACTIVO,HOTEL PANORAMA REAL 2
59933,ACTIVO,VILLA KASHII
60260,ACTIVO,BUSINESS Y TRIP
60654,ACTIVO,HOSTEL LAGUNA SALA BY FSL
63161,ACTIVO,HOTEL WALE KERU
63430,ACTIVO,PURAGUAJIRA TRAVEL
64174,ACTIVO,WAYUUCO BACKPACKERS
64180,ACTIVO,REX RIOHACHA
64190,ACTIVO,GUAJIRA TOURS LIMITADA EVENTOS
64200,ACTIVO,EXPLORA WAYUU
65645,ACTIVO,HOTEL CASA FINCA LA MARACUYA
65711,ACTIVO,KARIN HOTEL
66480,ACTIVO,PLAYA SAMARA HOSTEL
67101,ACTIVO,ATUNKA DREAM TRAVEL
67154,ACTIVO,RANCHERIA SHIPIAWAYUU
67805,ACTIVO,HABITACIONES DONA CRISTI
68812,ACTIVO,HOTEL TAMAITI
68817,ACTIVO,HOTEL NOGALES
68818,ACTIVO,ECOTURES SIERRA MAR GUAJIRA S.A.S.
68822,ACTIVO,MARIA DEL PILAR MENDOZA ACOSTA
69272,ACTIVO,ELIMELEC TOURS GUAJIRA
69274,ACTIVO,SASHII TOURS
70832,ACTIVO,CARIBBEAN SCHOOL D.T
71578,ACTIVO,ANDRU HOTEL
71881,ACTIVO,WAYIRA PARADISE
72181,ACTIVO,GUAJIRA BIRDING TOURS
72328,ACTIVO,FINCA LA TRIADA
73055,ACTIVO,HOTEL ATARDECER GUAJIRO
73147,ACTIVO,HOTEL DAMA GUAJIRA
73148,ACTIVO,ROMZU HOTEL
73596,ACTIVO,WALENA HOTEL
73947,ACTIVO,LA SIERRA RIOHACHA
74028,ACTIVO,ASUURA TOURS
74769,ACTIVO,CASA ZAIDA HOSTAL VINTAGE
75169,ACTIVO,INVERSIONES TORRES BARLIZA S.A.S
75170,ACTIVO,YURICA  PALMEZANO IBARRA
75697,ACTIVO,PUJURU TRAVEL
76070,ACTIVO,HOTEL LA VIEJA SARA RIOHACHA
77057,ACTIVO,AVENTUROUS S.A.S
77313,ACTIVO,AMISTAD HOSTAL Y RESTAURANTE
77533,ACTIVO,NUEVE UNO HOSTEL
78518,ACTIVO,PATROL TOURING
78881,ACTIVO,ALOJAMIENTO LA MARINA
79074,ACTIVO,SUMAJ FEELING TOURS
79521,ACTIVO,HOTEL SAN BERNARDO SAS
79848,ACTIVO,LAPU HOTEL RESTAURANTE BAR
79849,ACTIVO,MAR INN HOTEL
81034,ACTIVO,HOSTAL SUMAIWA
81228,ACTIVO,LEDIS ELENA ESCOBAR GIRON
81998,ACTIVO,CARIBE TOURS COLOMBIA
82335,ACTIVO,HOTEL LOS REMEDIOS TOURS
82720,ACTIVO,HOSTAL MI GUAJIRA
82723,ACTIVO,HOTEL GUAIRA
82961,ACTIVO,HOSTAL DON BIGOTE
84139,ACTIVO,EKIPUJANA TRAVELS TOURS
84211,ACTIVO,UNITRANSCO S.A.
84571,ACTIVO,AVIATUR RIOHACHA
84572,ACTIVO,HOTEL EL EJECUTIVO II
85020,ACTIVO,"GUAJIRA KITESURF SCHOOLS, BEACH CLUBS AND HOSTALS"
85023,ACTIVO,MACANAL RESTAURANTE
85024,ACTIVO,HOSTAL KITE
85173,ACTIVO,HOTEL LAS VEGAS
85174,ACTIVO,HOTEL LA MAKUIRA
85175,ACTIVO,HOTEL MIRAFLORES RB
85454,ACTIVO,HOTEL YUMBREL
85456,ACTIVO,ROELIMAR
86433,ACTIVO,GRUPO ALIANZA COLOMBIA WAYIRA
86481,ACTIVO,ELIMELEC TOURS GUAJIRA
87190,ACTIVO,HOTEL TUNEBO INN
88259,ACTIVO,HOTEL MACAL PLAZA
89710,ACTIVO,CASA LALLEMAND
89711,ACTIVO,CASTILLO DEL MAR
89881,ACTIVO,PERLAGUANEQUE SAS ZOMAC
90567,ACTIVO,REX RIOHACHA
91549,ACTIVO,CAMPING ECOTURISTICO LA CONSENTIDA
91552,ACTIVO,ECO TOUR GUAJIRA
91553,ACTIVO,TARDE DE RANCHERIA LA PLAZOLETA
91557,ACTIVO,RANCHERIA ETNOTURISTICA JASAY MULAAT
91949,ACTIVO,HOTEL CASA GRANDE RIOHACHA INN
92946,ACTIVO,OPERADOR TURISTICO KNOWING THE WORLD
92947,ACTIVO,ECOTRAVEL GUAJIRA
92964,ACTIVO,RANCHERIA ETNOTURISTICA LOMA FRESCA
92966,ACTIVO,FATIMA REAL APARTAHOTEL
94041,ACTIVO,FUNDACION EMPRENDER AKUMAJAA EN TURISMO
94048,ACTIVO,WAYUU GUIDES ECOTOURS TOKOKO
94049,ACTIVO,INSPIRA GUAJIRA TRAVEL
94059,ACTIVO,AGENCIA DE TURISMO EL FLAMENCO
94584,ACTIVO,NORELYS  URIANA GONZALEZ
94586,ACTIVO,GUAJIRA TOURS LIMITADA OPERADORES
94827,ACTIVO,BEIBER JOSE MORA LOPEZ
94828,ACTIVO,LILA SABRINA LEONEL CANEDO
94829,ACTIVO,YOLANDA  CANO VARGAS
94830,ACTIVO,ALINDA LEE MOSCOTE MELO
94831,ACTIVO,MARIA LAURA PIMIENTA RODRIGUEZ
94833,ACTIVO,SOLANGEL  MANJARRES LOPEZ
94837,ACTIVO,ANDREA CAROLINA CAMARGO DELUQUEZ
94838,ACTIVO,FORERO BARRERA PAOLA ANDREA
94839,ACTIVO,YAIR MANUEL CAMARGO GUILLEN
94841,ACTIVO,RAGUIS MOISES MENDOZA CALDERON
94844,ACTIVO,SHAROM JULIANA GARCIA BUENO
94848,ACTIVO,ROSALBA NORAIMA RAMIREZ ALMAZO
95086,ACTIVO,HOTEL PRESIDENT
96127,ACTIVO,ALIUUKA TOURS AGENCIA DE VIAJES
96798,ACTIVO,KAYMMA TOURS
96799,ACTIVO,INSPIRA COLOMBIA RIOHACHA
96803,ACTIVO,AVENTURISMO
97383,ACTIVO,AGENCIA OPERADORA DE TURISMO KAS POLUIN
97645,ACTIVO,SHILIWALA EXPEDICIONES AGENCIA DE VIAJES
97646,ACTIVO,COLIBRI ANTEADO OPERADORA TURISTICA
97647,ACTIVO,ROSADO GOMEZ ANDERSSON JHOVANY
97649,ACTIVO,TOCUYO BIRDING
97733,ACTIVO,KAYMMA TOURS
98130,ACTIVO,CARIBBEAN WATERSPORTS
98625,ACTIVO,VIAJA GUAJIRA
98629,ACTIVO,WAJIRA AKUA TOUR
98630,ACTIVO,JULIO CESAR PEREZ PATERNINA
98636,ACTIVO,CENTRAL NACIONAL DE COMPRAS FRUTAS DE VERANO S.A.S.
99348,ACTIVO,WILRO EXPRESS
99350,ACTIVO,ALMA GUAJIRA
99351,ACTIVO,HOTEL LA SIERRA RIOHACHA 2
99566,ACTIVO,NUEVO HORIZONTE DE LA NEVADA
99759,ACTIVO,HOTEL MAJAYURA SOL S.A.S.
100067,ACTIVO,PLAYA PERDIDA
100405,ACTIVO,AGENCIA DE VIAJES DISCOVERY FAMILY
100407,ACTIVO,SUCHIIMMA TOURS DINA INES ESTUPINAN SOLANO
100408,ACTIVO,COLOMBIA TOURS 97
101541,ACTIVO,GUAJIRA CASA DEL MAR HOTEL BOUTIQUE
102519,ACTIVO,HOTEL BRISAS DEL NARE
102729,ACTIVO,TRANSPORTES UNITURS LTDA.
102733,ACTIVO,ALIANZA FIEL WAYIRA
102734,ACTIVO,COLIBRI VIAJES
102735,ACTIVO,WAYUUCO BEACH
102737,ACTIVO,SUMAJ TOURS
103127,ACTIVO,MANEJO ESCOLAR
103213,ACTIVO,CASA ANCHA HOSTAL
